Time,x_d,y_d,theta_d,v_,delta_
0,0,0,-0,0.5245404,-0.0599282
0.0500417,0.0262013,-6.87e-05,-0.0052406,0.5245191,-0.059938
0.1000834,0.0523997,-0.0002746,-0.0104824,0.5244552,-0.0599676
0.1501251,0.0785924,-0.0006179,-0.0157269,0.5243488,-0.0600169
0.2001668,0.1047764,-0.0010984,-0.0209752,0.5241998,-0.0600859
0.2502085,0.1309489,-0.0017162,-0.0262288,0.5240083,-0.0601748
0.3002502,0.157107,-0.0024713,-0.0314888,0.5237745,-0.0602836
0.3502919,0.1832479,-0.0033636,-0.0367566,0.5234982,-0.0604124
0.4003336,0.2093687,-0.0043932,-0.0420335,0.5231798,-0.0605613
0.4503753,0.2354664,-0.0055599,-0.0473209,0.5228192,-0.0607303
0.500417,0.2615383,-0.0068638,-0.05262,0.5224165,-0.0609197
0.5504587,0.2875815,-0.0083047,-0.0579321,0.521972,-0.0611296
0.6005004,0.313593,-0.0098828,-0.0632586,0.5214857,-0.0613601
0.6505421,0.3395702,-0.0115979,-0.0686009,0.5209578,-0.0616115
0.7005838,0.36551,-0.01345,-0.0739602,0.5203885,-0.0618839
0.7506255,0.3914096,-0.015439,-0.079338,0.5197779,-0.0621775
0.8006672,0.4172663,-0.0175649,-0.0847355,0.5191264,-0.0624926
0.8507089,0.4430772,-0.0198277,-0.0901543,0.5184341,-0.0628295
0.9007506,0.4688393,-0.0222272,-0.0955956,0.5177011,-0.0631883
0.9507923,0.49455,-0.0247634,-0.1010608,0.5169279,-0.0635694
1.000834,0.5202064,-0.0274362,-0.1065514,0.5161146,-0.0639731
1.0508757,0.5458056,-0.0302456,-0.1120688,0.5152616,-0.0643997
1.1009174,0.5713448,-0.0331914,-0.1176143,0.514369,-0.0648495
1.1509591,0.5968213,-0.0362736,-0.1231896,0.5134373,-0.0653228
1.2010008,0.6222323,-0.0394922,-0.1287959,0.5124668,-0.0658201
1.2510425,0.6475749,-0.042847,-0.1344349,0.5114577,-0.0663418
1.3010842,0.6728463,-0.0463379,-0.1401079,0.5104105,-0.0668882
1.3511259,0.6980439,-0.0499648,-0.1458165,0.5093255,-0.0674597
1.4011676,0.7231648,-0.0537277,-0.1515623,0.5082031,-0.0680569
1.4512093,0.7482062,-0.0576264,-0.1573467,0.5070438,-0.0686802
1.501251,0.7731654,-0.0616608,-0.1631713,0.5058478,-0.06933
1.5512927,0.7980398,-0.0658308,-0.1690377,0.5046158,-0.0700069
1.6013344,0.8228264,-0.0701364,-0.1749475,0.5033481,-0.0707113
1.6513761,0.8475227,-0.0745773,-0.1809024,0.5020452,-0.0714439
1.7014178,0.8721259,-0.0791535,-0.1869039,0.5007076,-0.0722052
1.7514595,0.8966333,-0.0838648,-0.1929537,0.4993359,-0.0729957
1.8015013,0.9210422,-0.0887111,-0.1990536,0.4979304,-0.0738161
1.851543,0.9453499,-0.0936923,-0.2052052,0.4964919,-0.074667
1.9015847,0.9695538,-0.0988082,-0.2114102,0.4950208,-0.075549
1.9516264,0.9936512,-0.1040587,-0.2176704,0.4935177,-0.0764628
2.0016681,1.0176394,-0.1094437,-0.2239876,0.4919833,-0.077409
2.0517098,1.0415159,-0.1149629,-0.2303635,0.4904182,-0.0783884
2.1017515,1.0652779,-0.1206163,-0.2368001,0.4888229,-0.0794016
2.1517932,1.088923,-0.1264037,-0.2432991,0.4871983,-0.0804495
2.2018349,1.1124484,-0.132325,-0.2498625,0.4855448,-0.0815327
2.2518766,1.1358516,-0.1383799,-0.2564921,0.4838634,-0.082652
2.3019183,1.1591301,-0.1445683,-0.2631898,0.4821546,-0.0838083
2.35196,1.1822812,-0.15089,-0.2699577,0.4804193,-0.0850022
2.4020017,1.2053025,-0.1573449,-0.2767977,0.4786582,-0.0862347
2.4520434,1.2281914,-0.1639328,-0.2837118,0.476872,-0.0875066
2.5020851,1.2509454,-0.1706535,-0.290702,0.4750617,-0.0888186
2.5521268,1.2735619,-0.1775069,-0.2977705,0.473228,-0.0901718
2.6021685,1.2960386,-0.1844926,-0.3049192,0.4713719,-0.0915668
2.6522102,1.3183729,-0.1916106,-0.3121504,0.4694942,-0.0930047
2.7022519,1.3405624,-0.1988607,-0.3194662,0.4675957,-0.0944863
2.7522936,1.3626046,-0.2062425,-0.3268686,0.4656775,-0.0960125
2.8023353,1.3844972,-0.2137561,-0.33436,0.4637406,-0.0975841
2.852377,1.4062376,-0.221401,-0.3419426,0.4617858,-0.0992022
2.9024187,1.4278237,-0.2291772,-0.3496185,0.4598142,-0.1008675
2.9524604,1.4492528,-0.2370844,-0.3573901,0.4578269,-0.102581
3.0025021,1.4705228,-0.2451224,-0.3652597,0.4558249,-0.1043436
3.0525438,1.4916313,-0.253291,-0.3732295,0.4538093,-0.106156
3.1025855,1.5125759,-0.2615899,-0.3813019,0.4517811,-0.1080192
3.1526272,1.5333543,-0.270019,-0.3894792,0.4497417,-0.1099341
3.2026689,1.5539644,-0.2785779,-0.3977638,0.4476921,-0.1119013
3.2527106,1.5744037,-0.2872665,-0.4061582,0.4456335,-0.1139217
3.3027523,1.5946701,-0.2960845,-0.4146646,0.4435671,-0.115996
3.352794,1.6147613,-0.3050317,-0.4232855,0.4414943,-0.118125
3.4028357,1.6346752,-0.3141078,-0.4320233,0.4394162,-0.1203093
3.4528774,1.6544095,-0.3233126,-0.4408804,0.4373343,-0.1225494
3.5029191,1.6739621,-0.3326458,-0.4498593,0.4352498,-0.1248459
3.5529608,1.6933307,-0.3421072,-0.4589623,0.433164,-0.1271994
3.6030025,1.7125134,-0.3516965,-0.468192,0.4310785,-0.1296101
3.6530442,1.731508,-0.3614135,-0.4775506,0.4289945,-0.1320783
3.7030859,1.7503124,-0.3712578,-0.4870406,0.4269135,-0.1346044
3.7531276,1.7689245,-0.3812293,-0.4966643,0.4248371,-0.1371883
3.8031693,1.7873424,-0.3913276,-0.5064242,0.4227666,-0.1398301
3.853211,1.8055638,-0.4015524,-0.5163225,0.4207036,-0.1425296
3.9032527,1.823587,-0.4119035,-0.5263615,0.4186497,-0.1452864
3.9532944,1.8414099,-0.4223806,-0.5365435,0.4166063,-0.1481003
4.0033361,1.8590304,-0.4329835,-0.5468707,0.4145751,-0.1509705
4.0533778,1.8764468,-0.4437117,-0.5573453,0.4125577,-0.1538963
4.1034195,1.8936571,-0.4545651,-0.5679693,0.4105556,-0.1568768
4.1534612,1.9106593,-0.4655433,-0.5787447,0.4085704,-0.1599107
4.2035029,1.9274517,-0.476646,-0.5896735,0.4066039,-0.1629966
4.2535446,1.9440324,-0.4878729,-0.6007576,0.4046576,-0.1661329
4.3035863,1.9603995,-0.4992237,-0.6119988,0.4027333,-0.1693178
4.353628,1.9765513,-0.5106982,-0.6233986,0.4008325,-0.1725492
4.4036697,1.9924859,-0.5222959,-0.6349586,0.398957,-0.1758246
4.4537114,2.0082017,-0.5340166,-0.6466803,0.3971083,-0.1791413
4.5037531,2.0236969,-0.5458599,-0.6585649,0.3952882,-0.1824964
4.5537948,2.0389699,-0.5578255,-0.6706135,0.3934982,-0.1858867
4.6038365,2.0540188,-0.5699131,-0.6828273,0.3917401,-0.1893085
4.6538782,2.0688421,-0.5821224,-0.6952068,0.3900155,-0.1927578
4.7039199,2.0834382,-0.594453,-0.7077528,0.3883259,-0.1962305
4.7539616,2.0978054,-0.6069046,-0.7204657,0.386673,-0.1997219
4.8040033,2.1119422,-0.6194768,-0.7333457,0.3850582,-0.2032271
4.854045,2.125847,-0.6321693,-0.7463929,0.3834832,-0.2067408
4.9040867,2.1395183,-0.6449818,-0.7596069,0.3819495,-0.2102574
4.9541284,2.1529546,-0.6579138,-0.7729873,0.3804584,-0.2137708
5.0041701,2.1661544,-0.6709651,-0.7865333,0.3790115,-0.2172749
5.0542118,2.1791163,-0.6841353,-0.800244,0.3776101,-0.2207628
5.1042535,2.1918388,-0.697424,-0.8141181,0.3762554,-0.2242276
5.1542952,2.2043205,-0.7108309,-0.8281539,0.374949,-0.2276621
5.2043369,2.2165601,-0.7243555,-0.8423497,0.3736918,-0.2310587
5.2543786,2.2285562,-0.7379975,-0.8567031,0.3724852,-0.2344096
5.3044204,2.2403075,-0.7517566,-0.8712117,0.3713302,-0.2377067
5.3544621,2.2518128,-0.7656324,-0.8858726,0.3702279,-0.2409417
5.4045038,2.2630707,-0.7796244,-0.9006827,0.3691793,-0.2441061
5.4545455,2.27408,-0.7937323,-0.9156384,0.3681854,-0.2471915
5.5045872,2.2848395,-0.8079558,-0.9307358,0.367247,-0.250189
5.5546289,2.295348,-0.8222943,-0.9459708,0.3663649,-0.2530899
5.6046706,2.3056044,-0.8367476,-0.9613386,0.36554,-0.2558854
5.6547123,2.3156076,-0.8513152,-0.9768344,0.3647729,-0.2585669
5.704754,2.3253564,-0.8659968,-0.992453,0.3640644,-0.2611255
5.7547957,2.3348498,-0.8807918,-1.0081886,0.3634149,-0.263553
5.8048374,2.3440866,-0.8957,-1.0240353,0.3628251,-0.2658408
5.8548791,2.3530661,-0.9107209,-1.0399868,0.3622955,-0.267981
5.9049208,2.361787,-0.9258541,-1.0560365,0.3618266,-0.2699657
5.9549625,2.3702485,-0.9410992,-1.0721774,0.3614188,-0.2717876
6.0050042,2.3784497,-0.9564557,-1.0884024,0.3610725,-0.2734396
6.0550459,2.3863896,-0.9719233,-1.1047039,0.3607882,-0.2749152
6.1050876,2.3940673,-0.9875014,-1.1210742,0.3605662,-0.2762083
6.1551293,2.4014821,-1.0031898,-1.1375052,0.3604069,-0.2773136
6.205171,2.4086331,-1.018988,-1.1539887,0.3603105,-0.278226
6.2552127,2.4155195,-1.0348954,-1.1705163,0.3602775,-0.2789414
6.3052544,2.4221406,-1.0509118,-1.1870794,0.3603082,-0.2794562
6.3552961,2.4284957,-1.0670365,-1.2036693,0.3604029,-0.2797676
6.4053378,2.4345839,-1.0832693,-1.2202771,0.3605619,-0.2798735
6.4553795,2.4404048,-1.0996097,-1.2368938,0.3607856,-0.2797725
6.5054212,2.4459576,-1.1160572,-1.2535105,0.3610743,-0.279464
6.5554629,2.4512417,-1.1326113,-1.2701182,0.3614284,-0.2789482
6.6055046,2.4562566,-1.1492716,-1.2867077,0.3618481,-0.2782261
6.6555463,2.4610016,-1.1660377,-1.30327,0.3623339,-0.2772994
6.705588,2.4654763,-1.182909,-1.3197964,0.3628861,-0.2761706
6.7556297,2.4696803,-1.1998852,-1.3362777,0.363505,-0.2748429
6.8056714,2.4736129,-1.2169657,-1.3527055,0.364191,-0.2733203
6.8557131,2.4772738,-1.2341502,-1.3690709,0.3649443,-0.2716073
6.9057548,2.4806626,-1.251438,-1.3853657,0.3657654,-0.2697092
6.9557965,2.4837789,-1.2688288,-1.4015815,0.3666544,-0.267632
7.0058382,2.4866224,-1.286322,-1.4177104,0.3676116,-0.265382
7.0558799,2.4891928,-1.3039172,-1.4337446,0.3686373,-0.2629662
7.1059216,2.4914897,-1.321614,-1.4496765,0.3697317,-0.260392
7.1559633,2.4935129,-1.3394117,-1.465499,0.3708948,-0.2576673
7.206005,2.4952623,-1.3573099,-1.481205,0.3721269,-0.2548003
7.2560467,2.4967375,-1.3753082,-1.496788,0.3734278,-0.2517994
7.3060884,2.4979385,-1.3934061,-1.5122416,0.3747976,-0.2486734
7.3561301,2.4988652,-1.4116029,-1.5275599,0.3762363,-0.2454313
7.4061718,2.4995173,-1.4298983,-1.5427372,0.3777436,-0.242082
7.4562135,2.4998949,-1.4482918,-1.5577682,0.3793193,-0.2386346
7.5062552,2.4999979,-1.4667828,-1.5726479,0.3809631,-0.2350984
7.5562969,2.4998262,-1.4853708,-1.5873717,0.3826746,-0.2314824
7.6063386,2.49938,-1.5040553,-1.6019354,0.3844534,-0.2277957
7.6563803,2.4986592,-1.5228359,-1.6163351,0.386299,-0.2240472
7.706422,2.497664,-1.5417119,-1.6305671,0.3882106,-0.2202457
7.7564637,2.4963944,-1.5606829,-1.6446283,0.3901876,-0.2163996
7.8065054,2.4948506,-1.5797483,-1.6585158,0.3922293,-0.2125173
7.8565471,2.4930328,-1.5989077,-1.672227,0.3943347,-0.2086068
7.9065888,2.4909411,-1.6181604,-1.6857597,0.3965029,-0.2046758
7.9566305,2.4885758,-1.637506,-1.6991119,0.3987329,-0.2007319
8.0066722,2.4859371,-1.656944,-1.7122819,0.4010237,-0.1967821
8.0567139,2.4830254,-1.6764738,-1.7252686,0.4033741,-0.192833
8.1067556,2.4798409,-1.6960948,-1.7380707,0.4057828,-0.1888912
8.1567973,2.4763841,-1.7158066,-1.7506875,0.4082487,-0.1849626
8.206839,2.4726552,-1.7356085,-1.7631184,0.4107704,-0.1810528
8.2568807,2.4686547,-1.7555001,-1.7753631,0.4133464,-0.1771671
8.3069224,2.464383,-1.7754808,-1.7874216,0.4159755,-0.1733103
8.3569641,2.4598407,-1.7955501,-1.799294,0.4186562,-0.1694871
8.4070058,2.4550281,-1.8157073,-1.8109806,0.4213869,-0.1657014
8.4570475,2.4499459,-1.835952,-1.8224819,0.4241661,-0.1619571
8.5070892,2.4445946,-1.8562836,-1.8337988,0.4269923,-0.1582576
8.5571309,2.4389747,-1.8767015,-1.844932,0.4298639,-0.1546061
8.6071726,2.4330869,-1.8972052,-1.8558826,0.4327793,-0.1510052
8.6572143,2.4269319,-1.9177941,-1.8666518,0.4357368,-0.1474574
8.707256,2.4205103,-1.9384676,-1.8772409,0.4387349,-0.1439649
8.7572977,2.4138228,-1.9592252,-1.8876513,0.4417719,-0.1405296
8.8073394,2.4068701,-1.9800663,-1.8978846,0.4448461,-0.1371529
8.8573812,2.3996531,-2.0009904,-1.9079424,0.447956,-0.1338364
8.9074229,2.3921725,-2.0219968,-1.9178264,0.4510998,-0.130581
8.9574646,2.3844291,-2.0430849,-1.9275386,0.4542759,-0.1273876
9.0075063,2.3764238,-2.0642543,-1.9370807,0.4574826,-0.124257
9.057548,2.3681575,-2.0855043,-1.9464548,0.4607184,-0.1211895
9.1075897,2.359631,-2.1068343,-1.9556628,0.4639816,-0.1181855
9.1576314,2.3508454,-2.1282438,-1.9647068,0.4672706,-0.1152451
9.2076731,2.3418015,-2.1497321,-1.9735889,0.4705839,-0.1123682
9.2577148,2.3325004,-2.1712987,-1.9823113,0.4739197,-0.1095547
9.3077565,2.3229431,-2.192943,-1.9908762,0.4772766,-0.1068043
9.3577982,2.3131306,-2.2146644,-1.9992857,0.480653,-0.1041166
9.4078399,2.303064,-2.2364623,-2.007542,0.4840473,-0.1014909
9.4578816,2.2927445,-2.258336,-2.0156474,0.4874582,-0.0989268
9.5079233,2.2821731,-2.2802851,-2.0236042,0.490884,-0.0964236
9.557965,2.271351,-2.3023088,-2.0314145,0.4943233,-0.0939803
9.6080067,2.2602795,-2.3244066,-2.0390806,0.4977746,-0.0915963
9.6580484,2.2489596,-2.3465779,-2.0466047,0.5012366,-0.0892706
9.7080901,2.2373927,-2.3688221,-2.0539892,0.5047077,-0.0870022
9.7581318,2.2255801,-2.3911385,-2.0612361,0.5081867,-0.0847903
9.8081735,2.213523,-2.4135265,-2.0683478,0.5116722,-0.0826336
9.8582152,2.2012227,-2.4359856,-2.0753263,0.5151628,-0.0805313
9.9082569,2.1886807,-2.4585151,-2.082174,0.5186572,-0.0784821
9.9582986,2.1758982,-2.4811144,-2.0888928,0.5221542,-0.0764851
10.0083403,2.1628767,-2.5037829,-2.0954851,0.5256524,-0.074539
10.058382,2.1496177,-2.5265199,-2.1019529,0.5291506,-0.0726428
10.1084237,2.1361225,-2.5493248,-2.1082982,0.5326476,-0.0707954
10.1584654,2.1223927,-2.572197,-2.1145232,0.5361422,-0.0689955
10.2085071,2.1084297,-2.5951359,-2.1206298,0.5396331,-0.0672421
10.2585488,2.0942352,-2.6181409,-2.1266202,0.5431193,-0.0655341
10.3085905,2.0798106,-2.6412112,-2.1324962,0.5465996,-0.0638702
10.3586322,2.0651576,-2.6643463,-2.1382598,0.5500728,-0.0622495
10.4086739,2.0502777,-2.6875456,-2.1439129,0.553538,-0.0606708
10.4587156,2.0351726,-2.7108084,-2.1494574,0.5569939,-0.0591329
10.5087573,2.0198439,-2.734134,-2.1548951,0.5604396,-0.0576349
10.558799,2.0042934,-2.7575219,-2.1602279,0.5638741,-0.0561757
10.6088407,1.9885227,-2.7809713,-2.1654576,0.5672962,-0.0547541
10.6588824,1.9725336,-2.8044817,-2.1705859,0.570705,-0.0533692
10.7089241,1.9563278,-2.8280523,-2.1756145,0.5740995,-0.05202
10.7589658,1.9399071,-2.8516826,-2.1805452,0.5774788,-0.0507055
10.8090075,1.9232734,-2.8753719,-2.1853795,0.5808419,-0.0494246
10.8590492,1.9064284,-2.8991196,-2.1901191,0.5841879,-0.0481765
10.9090909,1.8893739,-2.9229249,-2.1947656,0.587516,-0.0469602
10.9591326,1.872112,-2.9467873,-2.1993205,0.5908251,-0.0457747
11.0091743,1.8546444,-2.9707061,-2.2037854,0.5941144,-0.0446193
11.059216,1.836973,-2.9946806,-2.2081618,0.5973831,-0.043493
11.1092577,1.8190999,-3.0187101,-2.212451,0.6006304,-0.0423949
11.1592994,1.801027,-3.0427941,-2.2166547,0.6038554,-0.0413242
11.2093411,1.7827562,-3.0669318,-2.220774,0.6070573,-0.0402802
11.2593828,1.7642896,-3.0911226,-2.2248105,0.6102353,-0.039262
11.3094245,1.7456293,-3.1153658,-2.2287654,0.6133887,-0.0382688
11.3594662,1.7267771,-3.1396608,-2.2326401,0.6165166,-0.0373
11.4095079,1.7077353,-3.1640069,-2.2364358,0.6196184,-0.0363547
11.4595496,1.6885059,-3.1884034,-2.2401538,0.6226933,-0.0354322
11.5095913,1.6690911,-3.2128496,-2.2437953,0.6257406,-0.0345319
11.559633,1.6494929,-3.2373449,-2.2473614,0.6287595,-0.0336531
11.6096747,1.6297135,-3.2618886,-2.2508534,0.6317495,-0.0327951
11.6597164,1.6097551,-3.2864801,-2.2542724,0.6347098,-0.0319573
11.7097581,1.5896198,-3.3111186,-2.2576195,0.6376397,-0.0311391
11.7597998,1.56931,-3.3358034,-2.2608957,0.6405387,-0.0303398
11.8098415,1.5488278,-3.360534,-2.2641022,0.643406,-0.0295589
11.8598832,1.5281754,-3.3853096,-2.2672399,0.6462411,-0.0287957
11.9099249,1.5073552,-3.4101296,-2.2703098,0.6490433,-0.0280499
11.9599666,1.4863694,-3.4349932,-2.273313,0.651812,-0.0273207
12.0100083,1.4652204,-3.4598997,-2.2762503,0.6545467,-0.0266077
12.06005,1.4439104,-3.4848486,-2.2791228,0.6572468,-0.0259104
12.1100917,1.4224418,-3.5098391,-2.2819312,0.6599117,-0.0252282
12.1601334,1.4008169,-3.5348705,-2.2846766,0.6625408,-0.0245608
12.2101751,1.3790382,-3.5599421,-2.2873597,0.6651337,-0.0239075
12.2602168,1.357108,-3.5850533,-2.2899813,0.6676898,-0.0232681
12.3102585,1.3350287,-3.6102034,-2.2925424,0.6702085,-0.0226419
12.3603003,1.3128028,-3.6353916,-2.2950437,0.6726894,-0.0220287
12.410342,1.2904327,-3.6606172,-2.2974859,0.675132,-0.0214279
12.4603837,1.2679208,-3.6858797,-2.2998698,0.6775358,-0.0208392
12.5104254,1.2452696,-3.7111782,-2.3021961,0.6799003,-0.0202622
12.5604671,1.2224817,-3.7365122,-2.3044656,0.682225,-0.0196965
12.6105088,1.1995595,-3.7618808,-2.306679,0.6845096,-0.0191417
12.6605505,1.1765055,-3.7872835,-2.3088368,0.6867535,-0.0185975
12.7105922,1.1533223,-3.8127194,-2.3109398,0.6889563,-0.0180635
12.7606339,1.1300124,-3.8381879,-2.3129886,0.6911177,-0.0175393
12.8106756,1.1065784,-3.8636884,-2.3149837,0.6932371,-0.0170247
12.8607173,1.0830228,-3.88922,-2.3169259,0.6953143,-0.0165193
12.910759,1.0593483,-3.9147822,-2.3188157,0.6973487,-0.0160228
12.9608007,1.0355574,-3.9403742,-2.3206535,0.6993401,-0.0155348
13.0108424,1.0116527,-3.9659952,-2.3224401,0.7012881,-0.0150551
13.0608841,0.987637,-3.9916447,-2.3241758,0.7031922,-0.0145834
13.1109258,0.9635127,-4.0173218,-2.3258613,0.7050522,-0.0141194
13.1609675,0.9392826,-4.0430259,-2.327497,0.7068676,-0.0136628
13.2110092,0.9149493,-4.0687563,-2.3290833,0.7086383,-0.0132134
13.2610509,0.8905156,-4.0945123,-2.3306208,0.7103638,-0.0127709
13.3110926,0.865984,-4.1202932,-2.3321099,0.7120438,-0.0123349
13.3611343,0.8413573,-4.1460982,-2.333551,0.713678,-0.0119054
13.411176,0.8166381,-4.1719266,-2.3349445,0.7152662,-0.011482
13.4612177,0.7918293,-4.1977778,-2.3362909,0.7168081,-0.0110644
13.5112594,0.7669335,-4.223651,-2.3375905,0.7183033,-0.0106525
13.5613011,0.7419534,-4.2495456,-2.3388437,0.7197516,-0.010246
13.6113428,0.7168919,-4.2754607,-2.3400508,0.7211528,-0.0098448
13.6613845,0.6917516,-4.3013958,-2.3412122,0.7225065,-0.0094484
13.7114262,0.6665353,-4.32735,-2.3423283,0.7238126,-0.0090569
13.7614679,0.6412458,-4.3533227,-2.3433993,0.7250709,-0.0086699
13.8115096,0.6158858,-4.3793132,-2.3444255,0.7262811,-0.0082872
13.8615513,0.5904582,-4.4053207,-2.3454073,0.7274429,-0.0079086
13.911593,0.5649658,-4.4313445,-2.3463449,0.7285563,-0.007534
13.9616347,0.5394113,-4.457384,-2.3472386,0.7296209,-0.0071631
14.0116764,0.5137975,-4.4834383,-2.3480885,0.7306367,-0.0067958
14.0617181,0.4881273,-4.5095069,-2.3488951,0.7316034,-0.0064318
14.1117598,0.4624035,-4.5355889,-2.3496584,0.7325209,-0.0060709
14.1618015,0.4366289,-4.5616836,-2.3503787,0.733389,-0.0057131
14.2118432,0.4108063,-4.5877904,-2.3510563,0.7342076,-0.005358
14.2618849,0.3849387,-4.6139086,-2.3516912,0.7349765,-0.0050055
14.3119266,0.3590287,-4.6400373,-2.3522837,0.7356955,-0.0046555
14.3619683,0.3330793,-4.6661759,-2.3528339,0.7363647,-0.0043078
14.41201,0.3070933,-4.6923237,-2.3533419,0.7369837,-0.0039621
14.4620517,0.2810735,-4.7184799,-2.3538081,0.7375527,-0.0036184
14.5120934,0.2550229,-4.7446438,-2.3542323,0.7380713,-0.0032764
14.5621351,0.2289443,-4.7708148,-2.3546148,0.7385397,-0.002936
14.6121768,0.2028405,-4.7969921,-2.3549557,0.7389576,-0.002597
14.6622185,0.1767145,-4.8231749,-2.3552551,0.739325,-0.0022593
14.7122602,0.150569,-4.8493626,-2.355513,0.7396419,-0.0019227
14.7623019,0.124407,-4.8755544,-2.3557296,0.7399081,-0.001587
14.8123436,0.0982314,-4.9017497,-2.3559048,0.7401237,-0.001252
14.8623853,0.0720449,-4.9279476,-2.3560387,0.7402886,-0.0009177
14.912427,0.0458505,-4.9541475,-2.3561314,0.7404028,-0.0005838
14.9624687,0.0196511,-4.9803487,-2.3561829,0.7404662,-0.0002501
15.0125104,-0.0065504,-5.0065504,-2.3561932,0.7404789,8.34e-05
15.0625521,-0.0327513,-5.032752,-2.3561623,0.7404408,0.0004169
15.1125938,-0.0589485,-5.0589526,-2.3560902,0.740352,0.0007507
15.1626355,-0.0851393,-5.0851516,-2.3559769,0.7402125,0.0010848
15.2126772,-0.1113207,-5.1113483,-2.3558223,0.7400222,0.0014194
15.2627189,-0.1374899,-5.137542,-2.3556265,0.7397813,0.0017547
15.3127606,-0.163644,-5.1637318,-2.3553892,0.7394897,0.0020909
15.3628023,-0.1897801,-5.1899172,-2.3551106,0.7391476,0.002428
15.412844,-0.2158954,-5.2160973,-2.3547905,0.7387549,0.0027664
15.4628857,-0.2419869,-5.2422715,-2.3544288,0.7383118,0.003106
15.5129274,-0.2680519,-5.2684391,-2.3540254,0.7378183,0.0034472
15.5629691,-0.2940874,-5.2945992,-2.3535802,0.7372745,0.00379
15.6130108,-0.3200907,-5.3207513,-2.3530932,0.7366805,0.0041347
15.6630525,-0.3460587,-5.3468946,-2.352564,0.7360363,0.0044814
15.7130942,-0.3719888,-5.3730284,-2.3519927,0.7353422,0.0048302
15.7631359,-0.397878,-5.3991519,-2.351379,0.7345982,0.0051815
15.8131776,-0.4237234,-5.4252644,-2.3507228,0.7338045,0.0055352
15.8632193,-0.4495224,-5.4513653,-2.3500239,0.7329612,0.0058916
15.9132611,-0.475272,-5.4774538,-2.3492821,0.7320683,0.006251
15.9633028,-0.5009693,-5.5035291,-2.3484972,0.7311262,0.0066134
16.0133445,-0.5266116,-5.5295907,-2.347669,0.730135,0.006979
16.0633862,-0.5521961,-5.5556377,-2.3467972,0.7290947,0.0073481
16.1134279,-0.57772,-5.5816694,-2.3458816,0.7280057,0.0077208
16.1634696,-0.6031803,-5.6076852,-2.344922,0.726868,0.0080974
16.2135113,-0.6285744,-5.6336842,-2.343918,0.725682,0.008478
16.263553,-0.6538995,-5.6596659,-2.3428694,0.7244478,0.0088628
16.3135947,-0.6791528,-5.6856295,-2.3417759,0.7231655,0.0092521
16.3636364,-0.7043314,-5.7115742,-2.3406372,0.7218356,0.009646
16.4136781,-0.7294327,-5.7374994,-2.339453,0.7204581,0.0100448
16.4637198,-0.7544538,-5.7634043,-2.3382229,0.7190333,0.0104486
16.5137615,-0.7793921,-5.7892883,-2.3369465,0.7175615,0.0108578
16.5638032,-0.8042448,-5.8151506,-2.3356236,0.716043,0.0112725
16.6138449,-0.8290091,-5.8409905,-2.3342537,0.7144779,0.0116929
16.6638866,-0.8536823,-5.8668073,-2.3328364,0.7128667,0.0121194
16.7139283,-0.8782618,-5.8926003,-2.3313714,0.7112095,0.0125521
16.76397,-0.9027449,-5.9183688,-2.3298581,0.7095067,0.0129913
16.8140117,-0.9271287,-5.9441121,-2.3282963,0.7077586,0.0134373
16.8640534,-0.9514107,-5.9698295,-2.3266853,0.7059655,0.0138902
16.9140951,-0.9755882,-5.9955202,-2.3250248,0.7041277,0.0143505
16.9641368,-0.9996586,-6.0211836,-2.3233143,0.7022456,0.0148183
17.0141785,-1.0236191,-6.0468189,-2.3215532,0.7003195,0.0152939
17.0642202,-1.0474672,-6.0724255,-2.319741,0.6983498,0.0157777
17.1142619,-1.0712003,-6.0980027,-2.3178773,0.6963369,0.0162699
17.1643036,-1.0948156,-6.1235496,-2.3159614,0.694281,0.0167709
17.2143453,-1.1183108,-6.1490658,-2.3139928,0.6921827,0.0172809
17.264387,-1.141683,-6.1745504,-2.3119709,0.6900422,0.0178002
17.3144287,-1.1649299,-6.2000027,-2.3098951,0.6878601,0.0183293
17.3644704,-1.1880488,-6.2254221,-2.3077648,0.6856366,0.0188683
17.4145121,-1.2110372,-6.2508078,-2.3055793,0.6833723,0.0194178
17.4645538,-1.2338926,-6.2761592,-2.303338,0.6810676,0.019978
17.5145955,-1.2566125,-6.3014755,-2.3010401,0.678723,0.0205493
17.5646372,-1.2791943,-6.3267561,-2.2986851,0.6763388,0.0211321
17.6146789,-1.3016356,-6.3520002,-2.2962721,0.6739155,0.0217268
17.6647206,-1.3239339,-6.3772073,-2.2938005,0.6714537,0.0223337
17.7147623,-1.3460868,-6.4023765,-2.2912694,0.6689538,0.0229534
17.764804,-1.3680919,-6.4275072,-2.2886781,0.6664164,0.0235861
17.8148457,-1.3899466,-6.4525987,-2.2860259,0.6638418,0.0242324
17.8648874,-1.4116487,-6.4776503,-2.2833118,0.6612308,0.0248927
17.9149291,-1.4331957,-6.5026613,-2.280535,0.6585837,0.0255674
17.9649708,-1.4545853,-6.5276311,-2.2776946,0.6559011,0.0262571
18.0150125,-1.4758152,-6.5525589,-2.2747898,0.6531837,0.0269622
18.0650542,-1.4968829,-6.577444,-2.2718197,0.6504319,0.0276832
18.1150959,-1.5177862,-6.6022859,-2.2687833,0.6476463,0.0284207
18.1651376,-1.5385227,-6.6270838,-2.2656796,0.6448276,0.0291751
18.2151793,-1.5590903,-6.6518369,-2.2625076,0.6419763,0.0299471
18.265221,-1.5794866,-6.6765447,-2.2592664,0.6390931,0.0307371
18.3152627,-1.5997094,-6.7012065,-2.2559549,0.6361786,0.0315458
18.3653044,-1.6197565,-6.7258216,-2.252572,0.6332334,0.0323737
18.4153461,-1.6396257,-6.7503892,-2.2491166,0.6302582,0.0332216
18.4653878,-1.6593147,-6.7749088,-2.2455877,0.6272536,0.0340899
18.5154295,-1.6788215,-6.7993797,-2.241984,0.6242204,0.0349793
18.5654712,-1.6981439,-6.8238011,-2.2383044,0.6211592,0.0358906
18.6155129,-1.7172798,-6.8481725,-2.2345477,0.6180708,0.0368244
18.6655546,-1.736227,-6.8724931,-2.2307127,0.6149559,0.0377814
18.7155963,-1.7549835,-6.8967623,-2.2267981,0.6118151,0.0387623
18.765638,-1.7735473,-6.9209794,-2.2228025,0.6086493,0.0397679
18.8156797,-1.7919162,-6.9451437,-2.2187248,0.6054593,0.0407989
18.8657214,-1.8100883,-6.9692546,-2.2145635,0.6022457,0.0418562
18.9157631,-1.8280616,-6.9933115,-2.2103172,0.5990095,0.0429404
18.9658048,-1.845834,-7.0173136,-2.2059846,0.5957514,0.0440525
19.0158465,-1.8634038,-7.0412603,-2.2015641,0.5924723,0.0451933
19.0658882,-1.8807688,-7.065151,-2.1970544,0.5891729,0.0463637
19.1159299,-1.8979272,-7.0889849,-2.1924539,0.5858543,0.0475644
19.1659716,-1.9148772,-7.1127615,-2.187761,0.5825171,0.0487965
19.2160133,-1.9316168,-7.13648,-2.1829743,0.5791625,0.0500609
19.266055,-1.9481442,-7.1601399,-2.178092,0.5757911,0.0513585
19.3160967,-1.9644577,-7.1837405,-2.1731126,0.5724041,0.0526902
19.3661384,-1.9805553,-7.2072811,-2.1680343,0.5690023,0.0540572
19.4161802,-1.9964355,-7.2307611,-2.1628556,0.5655867,0.0554602
19.4662219,-2.0120963,-7.2541798,-2.1575745,0.5621583,0.0569005
19.5162636,-2.0275361,-7.2775366,-2.1521895,0.5587181,0.058379
19.5663053,-2.0427532,-7.3008309,-2.1466986,0.5552672,0.0598968
19.616347,-2.0577459,-7.324062,-2.1411,0.5518065,0.061455
19.6663887,-2.0725125,-7.3472293,-2.1353919,0.5483372,0.0630546
19.7164304,-2.0870515,-7.3703321,-2.1295723,0.5448603,0.0646967
19.7664721,-2.1013613,-7.3933698,-2.1236394,0.5413769,0.0663825
19.8165138,-2.1154403,-7.4163418,-2.1175912,0.5378882,0.0681131
19.8665555,-2.1292868,-7.4392475,-2.1114256,0.5343953,0.0698895
19.9165972,-2.1428995,-7.4620861,-2.1051407,0.5308993,0.0717131
19.9666389,-2.1562768,-7.4848572,-2.0987344,0.5274016,0.0735847
20.0166806,-2.1694173,-7.50756,-2.0922047,0.5239032,0.0755057
20.0667223,-2.1823194,-7.5301939,-2.0855494,0.5204055,0.0774771
20.116764,-2.1949818,-7.5527584,-2.0787664,0.5169096,0.0795001
20.1668057,-2.2074032,-7.5752528,-2.0718535,0.513417,0.0815757
20.2168474,-2.219582,-7.5976764,-2.0648087,0.5099288,0.0837051
20.2668891,-2.231517,-7.6200287,-2.0576297,0.5064463,0.0858893
20.3169308,-2.243207,-7.6423091,-2.0503143,0.5029711,0.0881293
20.3669725,-2.2546505,-7.6645169,-2.0428602,0.4995043,0.0904262
20.4170142,-2.2658464,-7.6866515,-2.0352654,0.4960475,0.092781
20.4670559,-2.2767933,-7.7087123,-2.0275275,0.492602,0.0951945
20.5170976,-2.2874902,-7.7306988,-2.0196442,0.4891693,0.0976677
20.5671393,-2.2979358,-7.7526103,-2.0116134,0.4857508,0.1002012
20.617181,-2.308129,-7.7744462,-2.0034328,0.482348,0.102796
20.6672227,-2.3180687,-7.7962059,-1.9951002,0.4789624,0.1054526
20.7172644,-2.3277537,-7.8178888,-1.9866133,0.4755956,0.1081717
20.7673061,-2.3371831,-7.8394943,-1.97797,0.4722491,0.1109536
20.8173478,-2.3463557,-7.8610219,-1.969168,0.4689243,0.1137987
20.8673895,-2.3552706,-7.8824708,-1.9602051,0.465623,0.1167074
20.9174312,-2.3639267,-7.9038407,-1.9510794,0.4623467,0.1196796
20.9674729,-2.3723232,-7.9251307,-1.9417886,0.459097,0.1227153
21.0175146,-2.3804592,-7.9463405,-1.9323308,0.4558755,0.1258144
21.0675563,-2.3883336,-7.9674693,-1.9227039,0.4526839,0.1289765
21.117598,-2.3959457,-7.9885167,-1.912906,0.4495237,0.132201
21.1676397,-2.4032946,-8.009482,-1.9029353,0.4463967,0.1354871
21.2176814,-2.4103795,-8.0303646,-1.89279,0.4433045,0.1388338
21.2677231,-2.4171997,-8.0511641,-1.8824683,0.4402487,0.14224
21.3177648,-2.4237544,-8.0718797,-1.8719688,0.4372309,0.1457041
21.3678065,-2.4300428,-8.092511,-1.8612898,0.4342529,0.1492245
21.4178482,-2.4360643,-8.1130573,-1.8504301,0.4313162,0.1527991
21.4678899,-2.4418182,-8.1335182,-1.8393883,0.4284226,0.1564257
21.5179316,-2.4473038,-8.153893,-1.8281634,0.4255735,0.1601016
21.5679733,-2.4525207,-8.1741812,-1.8167544,0.4227705,0.1638238
21.618015,-2.4574681,-8.1943822,-1.8051605,0.4200154,0.1675893
21.6680567,-2.4621457,-8.2144956,-1.793381,0.4173095,0.1713942
21.7180984,-2.4665527,-8.2345206,-1.7814156,0.4146545,0.1752348
21.7681401,-2.4706889,-8.2544568,-1.769264,0.4120517,0.1791066
21.8181818,-2.4745536,-8.2743037,-1.7569262,0.4095026,0.183005
21.8682235,-2.4781465,-8.2940606,-1.7444023,0.4070087,0.1869249
21.9182652,-2.4814672,-8.3137271,-1.7316927,0.4045712,0.1908608
21.9683069,-2.4845154,-8.3333025,-1.7187983,0.4021915,0.194807
22.0183486,-2.4872906,-8.3527865,-1.7057198,0.3998708,0.1987573
22.0683903,-2.4897926,-8.3721783,-1.6924584,0.3976103,0.2027051
22.118432,-2.4920212,-8.3914776,-1.6790158,0.395411,0.2066434
22.1684737,-2.4939759,-8.4106837,-1.6653936,0.3932741,0.210565
22.2185154,-2.4956568,-8.4297962,-1.6515939,0.3912004,0.2144624
22.2685571,-2.4970635,-8.4488145,-1.6376193,0.389191,0.2183277
22.3185988,-2.4981959,-8.467738,-1.6234722,0.3872466,0.2221525
22.3686405,-2.4990539,-8.4865664,-1.609156,0.3853679,0.2259287
22.4186822,-2.4996374,-8.505299,-1.5946738,0.3835556,0.2296474
22.4687239,-2.4999464,-8.5239353,-1.5800295,0.3818104,0.2332998
22.5187656,-2.4999807,-8.5424749,-1.5652272,0.3801327,0.236877
22.5688073,-2.4997404,-8.5609172,-1.5502713,0.3785229,0.24037
22.618849,-2.4992255,-8.5792616,-1.5351665,0.3769814,0.2437694
22.6688907,-2.4984362,-8.5975078,-1.519918,0.3755084,0.2470663
22.7189324,-2.4973723,-8.6156553,-1.5045314,0.3741041,0.2502515
22.7689741,-2.4960342,-8.6337034,-1.4890123,0.3727687,0.2533161
22.8190158,-2.4944219,-8.6516517,-1.473367,0.3715022,0.2562511
22.8690575,-2.4925355,-8.6694998,-1.4576018,0.3703047,0.259048
22.9190992,-2.4903754,-8.6872471,-1.4417238,0.3691759,0.2616984
22.969141,-2.4879417,-8.7048931,-1.4257398,0.3681159,0.2641943
23.0191827,-2.4852348,-8.7224374,-1.4096573,0.3671245,0.2665281
23.0692244,-2.4822548,-8.7398794,-1.393484,0.3662014,0.2686926
23.1192661,-2.4790022,-8.7572188,-1.3772277,0.3653464,0.270681
23.1693078,-2.4754773,-8.774455,-1.3608965,0.3645592,0.2724873
23.2193495,-2.4716805,-8.7915875,-1.3444989,0.3638396,0.2741057
23.2693912,-2.4676122,-8.808616,-1.3280432,0.3631872,0.2755314
23.3194329,-2.4632728,-8.8255398,-1.3115383,0.3626017,0.2767601
23.3694746,-2.4586629,-8.8423585,-1.2949928,0.3620827,0.2777882
23.4195163,-2.4537828,-8.8590718,-1.2784157,0.36163,0.2786129
23.469558,-2.4486333,-8.8756791,-1.2618161,0.3612432,0.279232
23.5195997,-2.4432147,-8.8921799,-1.2452028,0.3609218,0.2796442
23.5696414,-2.4375278,-8.9085739,-1.2285849,0.3606657,0.2798489
23.6196831,-2.4315732,-8.9248605,-1.2119715,0.3604744,0.2798463
23.6697248,-2.4253514,-8.9410394,-1.1953716,0.3603475,0.2796375
23.7197665,-2.4188633,-8.95711,-1.178794,0.3602849,0.2792241
23.7698082,-2.4121094,-8.973072,-1.1622475,0.3602861,0.2786086
23.8198499,-2.4050906,-8.9889248,-1.1457409,0.3603508,0.2777942
23.8698916,-2.3978076,-9.0046681,-1.1292826,0.3604787,0.2767848
23.9199333,-2.3902613,-9.0203014,-1.112881,0.3606694,0.2755849
23.969975,-2.3824523,-9.0358244,-1.0965441,0.3609226,0.2741998
24.0200167,-2.3743817,-9.0512365,-1.0802799,0.361238,0.2726353
24.0700584,-2.3660502,-9.0665373,-1.064096,0.361615,0.2708975
24.1201001,-2.3574589,-9.0817265,-1.0479998,0.3620534,0.2689933
24.1701418,-2.3486086,-9.0968036,-1.0319983,0.3625528,0.2669299
24.2201835,-2.3395003,-9.1117682,-1.0160984,0.3631125,0.2647149
24.2702252,-2.3301351,-9.1266199,-1.0003065,0.3637322,0.2623562
24.3202669,-2.3205139,-9.1413582,-0.9846287,0.3644113,0.2598621
24.3703086,-2.3106377,-9.1559828,-0.9690708,0.3651492,0.2572409
24.4203503,-2.3005078,-9.1704933,-0.9536384,0.3659453,0.2545014
24.470392,-2.2901252,-9.1848893,-0.9383364,0.3667989,0.251652
24.5204337,-2.279491,-9.1991704,-0.9231697,0.3677092,0.2487017
24.5704754,-2.2686065,-9.2133361,-0.9081426,0.3686755,0.2456592
24.6205171,-2.2574727,-9.2273861,-0.8932593,0.3696968,0.2425333
24.6705588,-2.246091,-9.2413201,-0.8785233,0.3707724,0.2393325
24.7206005,-2.2344626,-9.2551375,-0.8639382,0.3719012,0.2360654
24.7706422,-2.2225887,-9.2688381,-0.8495068,0.3730821,0.2327404
24.8206839,-2.2104706,-9.2824215,-0.8352319,0.3743141,0.2293657
24.8707256,-2.1981098,-9.2958873,-0.8211159,0.3755961,0.2259491
24.9207673,-2.1855075,-9.3092351,-0.8071607,0.3769268,0.2224985
24.970809,-2.1726652,-9.3224646,-0.7933681,0.378305,0.2190213
25.0208507,-2.1595842,-9.3355754,-0.7797396,0.3797294,0.2155244
25.0708924,-2.146266,-9.3485671,-0.7662763,0.3811985,0.2120149
25.1209341,-2.132712,-9.3614394,-0.752979,0.3827111,0.2084991
25.1709758,-2.1189237,-9.3741919,-0.7398484,0.3842657,0.2049833
25.2210175,-2.1049027,-9.3868244,-0.7268848,0.3858607,0.2014731
25.2710592,-2.0906505,-9.3993363,-0.7140884,0.3874948,0.1979742
25.3211009,-2.0761687,-9.4117274,-0.701459,0.3891662,0.1944915
25.3711426,-2.0614588,-9.4239974,-0.6889963,0.3908735,0.1910299
25.4211843,-2.0465224,-9.4361459,-0.6766997,0.3926151,0.1875939
25.471226,-2.0313613,-9.4481726,-0.6645686,0.3943893,0.1841874
25.5212677,-2.015977,-9.4600771,-0.6526021,0.3961946,0.1808143
25.5713094,-2.0003713,-9.4718591,-0.6407991,0.3980292,0.1774779
25.6213511,-1.9845458,-9.4835184,-0.6291585,0.3998915,0.1741815
25.6713928,-1.9685024,-9.4950545,-0.6176787,0.4017799,0.1709278
25.7214345,-1.9522427,-9.5064672,-0.6063585,0.4036926,0.1677194
25.7714762,-1.9357686,-9.5177561,-0.5951961,0.4056281,0.1645586
25.8215179,-1.9190819,-9.5289209,-0.5841898,0.4075847,0.1614472
25.8715596,-1.9021843,-9.5399614,-0.5733379,0.4095608,0.1583871
25.9216013,-1.8850778,-9.5508772,-0.5626385,0.4115546,0.1553798
25.971643,-1.8677643,-9.5616681,-0.5520895,0.4135646,0.1524265
26.0216847,-1.8502456,-9.5723336,-0.5416888,0.4155891,0.1495284
26.0717264,-1.8325236,-9.5828736,-0.5314345,0.4176266,0.1466863
26.1217681,-1.8146003,-9.5932878,-0.5213243,0.4196755,0.1439008
26.1718098,-1.7964778,-9.6035758,-0.5113559,0.4217341,0.1411726
26.2218515,-1.7781579,-9.6137374,-0.5015271,0.423801,0.138502
26.2718932,-1.7596426,-9.6237723,-0.4918356,0.4258747,0.1358891
26.3219349,-1.7409341,-9.6336803,-0.482279,0.4279535,0.1333341
26.3719766,-1.7220344,-9.6434609,-0.472855,0.4300362,0.130837
26.4220183,-1.7029455,-9.6531141,-0.4635612,0.4321211,0.1283975
26.4720601,-1.6836695,-9.6626395,-0.4543952,0.434207,0.1260155
26.5221018,-1.6642086,-9.6720368,-0.4453545,0.4362923,0.1236906
26.5721435,-1.6445649,-9.6813059,-0.4364368,0.4383757,0.1214223
26.6221852,-1.6247406,-9.6904464,-0.4276396,0.4404558,0.1192102
26.6722269,-1.6047377,-9.699458,-0.4189606,0.4425315,0.1170537
26.7222686,-1.5845587,-9.7083407,-0.4103972,0.4446012,0.1149521
26.7723103,-1.5642055,-9.717094,-0.4019471,0.4466638,0.1129048
26.822352,-1.5436805,-9.7257178,-0.393608,0.4487181,0.1109111
26.8723937,-1.522986,-9.7342118,-0.3853773,0.4507628,0.1089701
26.9224354,-1.5021242,-9.7425758,-0.3772527,0.4527967,0.1070812
26.9724771,-1.4810974,-9.7508096,-0.3692319,0.4548187,0.1052435
27.0225188,-1.4599079,-9.7589129,-0.3613125,0.4568277,0.1034561
27.0725605,-1.438558,-9.7668855,-0.3534922,0.4588225,0.1017182
27.1226022,-1.4170501,-9.7747273,-0.3457687,0.460802,0.1000289
27.1726439,-1.3953866,-9.7824379,-0.3381398,0.4627653,0.0983873
27.2226856,-1.3735697,-9.7900171,-0.3306031,0.4647113,0.0967926
27.2727273,-1.351602,-9.7974649,-0.3231564,0.466639,0.0952438
27.322769,-1.3294859,-9.8047809,-0.3157976,0.4685475,0.09374
27.3728107,-1.3072237,-9.8119649,-0.3085244,0.4704357,0.0922804
27.4228524,-1.2848179,-9.8190168,-0.3013347,0.4723027,0.090864
27.4728941,-1.262271,-9.8259364,-0.2942263,0.4741477,0.08949
27.5229358,-1.2395854,-9.8327234,-0.2871972,0.4759698,0.0881575
27.5729775,-1.2167637,-9.8393777,-0.2802453,0.4777682,0.0868657
27.6230192,-1.1938083,-9.8458991,-0.2733686,0.4795419,0.0856136
27.6730609,-1.1707217,-9.8522875,-0.2665649,0.4812902,0.0844005
27.7231026,-1.1475066,-9.8585426,-0.2598323,0.4830124,0.0832255
27.7731443,-1.1241655,-9.8646643,-0.2531689,0.4847076,0.0820878
27.823186,-1.1007008,-9.8706524,-0.2465726,0.4863751,0.0809866
27.8732277,-1.0771152,-9.8765067,-0.2400417,0.4880142,0.0799212
27.9232694,-1.0534114,-9.8822271,-0.2335741,0.4896243,0.0788907
27.9733111,-1.0295918,-9.8878135,-0.2271681,0.4912046,0.0778945
28.0233528,-1.0056591,-9.8932656,-0.2208217,0.4927544,0.0769318
28.0733945,-0.981616,-9.8985834,-0.2145333,0.4942732,0.0760018
28.1234362,-0.957465,-9.9037666,-0.2083009,0.4957604,0.075104
28.1734779,-0.9332089,-9.9088152,-0.2021228,0.4972153,0.0742377
28.2235196,-0.9088502,-9.9137289,-0.1959973,0.4986373,0.0734021
28.2735613,-0.8843917,-9.9185078,-0.1899227,0.500026,0.0725967
28.323603,-0.8598361,-9.9231515,-0.1838972,0.5013807,0.0718209
28.3736447,-0.835186,-9.9276601,-0.1779192,0.502701,0.0710741
28.4236864,-0.8104442,-9.9320333,-0.1719871,0.5039864,0.0703556
28.4737281,-0.7856134,-9.9362711,-0.1660992,0.5052363,0.069665
28.5237698,-0.7606963,-9.9403734,-0.1602538,0.5064503,0.0690017
28.5738115,-0.7356956,-9.9443399,-0.1544495,0.507628,0.0683653
28.6238532,-0.7106141,-9.9481707,-0.1486846,0.508769,0.0677551
28.6738949,-0.6854545,-9.9518657,-0.1429577,0.5098727,0.0671708
28.7239366,-0.6602197,-9.9554246,-0.137267,0.5109388,0.0666119
28.7739783,-0.6349123,-9.9588474,-0.1316112,0.511967,0.0660779
28.82402,-0.6095352,-9.9621341,-0.1259888,0.5129569,0.0655685
28.8740617,-0.5840911,-9.9652845,-0.1203982,0.5139081,0.0650832
28.9241034,-0.5585829,-9.9682986,-0.1148379,0.5148202,0.0646216
28.9741451,-0.5330133,-9.9711762,-0.1093066,0.5156931,0.0641835
29.0241868,-0.5073852,-9.9739173,-0.1038028,0.5165263,0.0637684
29.0742285,-0.4817013,-9.9765218,-0.0983251,0.5173196,0.0633761
29.1242702,-0.4559645,-9.9789897,-0.092872,0.5180727,0.0630061
29.1743119,-0.4301777,-9.9813208,-0.0874422,0.5187853,0.0626583
29.2243536,-0.4043435,-9.9835151,-0.0820342,0.5194573,0.0623324
29.2743953,-0.378465,-9.9855726,-0.0766467,0.5200883,0.062028
29.324437,-0.3525449,-9.9874932,-0.0712783,0.5206783,0.061745
29.3744787,-0.3265861,-9.9892768,-0.0659277,0.5212269,0.0614832
29.4245204,-0.3005914,-9.9909233,-0.0605935,0.521734,0.0612423
29.4745621,-0.2745637,-9.9924329,-0.0552743,0.5221995,0.0610221
29.5246038,-0.2485058,-9.9938053,-0.0499689,0.5226231,0.0608225
29.5746455,-0.2224206,-9.9950406,-0.0446758,0.5230047,0.0606433
29.6246872,-0.196311,-9.9961387,-0.0393939,0.5233443,0.0604843
29.6747289,-0.1701798,-9.9970997,-0.0341216,0.5236416,0.0603455
29.7247706,-0.14403,-9.9979234,-0.0288579,0.5238967,0.0602267
29.7748123,-0.1178643,-9.9986098,-0.0236013,0.5241094,0.0601279
29.824854,-0.0916856,-9.999159,-0.0183505,0.5242796,0.0600489
29.8748957,-0.0654969,-9.9995709,-0.0131043,0.5244073,0.0599897
29.9249374,-0.039301,-9.9998455,-0.0078613,0.5244925,0.0599503
29.9749791,-0.0131008,-9.9999828,-0.0026202,0.5245351,0.0599306
30.0250209,0.0131008,-9.9999828,0.0026202,0.5245351,0.0599306
30.0750626,0.039301,-9.9998455,0.0078613,0.5244925,0.0599503
30.1251043,0.0654969,-9.9995709,0.0131043,0.5244073,0.0599897
30.175146,0.0916856,-9.999159,0.0183505,0.5242796,0.0600489
30.2251877,0.1178643,-9.9986098,0.0236013,0.5241094,0.0601279
30.2752294,0.14403,-9.9979234,0.0288579,0.5238967,0.0602267
30.3252711,0.1701798,-9.9970997,0.0341216,0.5236416,0.0603455
30.3753128,0.196311,-9.9961387,0.0393939,0.5233443,0.0604843
30.4253545,0.2224206,-9.9950406,0.0446758,0.5230047,0.0606433
30.4753962,0.2485058,-9.9938053,0.0499689,0.5226231,0.0608225
30.5254379,0.2745637,-9.9924329,0.0552743,0.5221995,0.0610221
30.5754796,0.3005914,-9.9909233,0.0605935,0.521734,0.0612423
30.6255213,0.3265861,-9.9892768,0.0659277,0.5212269,0.0614832
30.675563,0.3525449,-9.9874932,0.0712783,0.5206783,0.061745
30.7256047,0.378465,-9.9855726,0.0766467,0.5200883,0.062028
30.7756464,0.4043435,-9.9835151,0.0820342,0.5194573,0.0623324
30.8256881,0.4301777,-9.9813208,0.0874422,0.5187853,0.0626583
30.8757298,0.4559645,-9.9789897,0.092872,0.5180727,0.0630061
30.9257715,0.4817013,-9.9765218,0.0983251,0.5173196,0.0633761
30.9758132,0.5073852,-9.9739173,0.1038028,0.5165263,0.0637684
31.0258549,0.5330133,-9.9711762,0.1093066,0.5156931,0.0641835
31.0758966,0.5585829,-9.9682986,0.1148379,0.5148202,0.0646216
31.1259383,0.5840911,-9.9652845,0.1203982,0.5139081,0.0650832
31.17598,0.6095352,-9.9621341,0.1259888,0.5129569,0.0655685
31.2260217,0.6349123,-9.9588474,0.1316112,0.511967,0.0660779
31.2760634,0.6602197,-9.9554246,0.137267,0.5109388,0.0666119
31.3261051,0.6854545,-9.9518657,0.1429577,0.5098727,0.0671708
31.3761468,0.7106141,-9.9481707,0.1486846,0.508769,0.0677551
31.4261885,0.7356956,-9.9443399,0.1544495,0.507628,0.0683653
31.4762302,0.7606963,-9.9403734,0.1602538,0.5064503,0.0690017
31.5262719,0.7856134,-9.9362711,0.1660992,0.5052363,0.069665
31.5763136,0.8104442,-9.9320333,0.1719871,0.5039864,0.0703556
31.6263553,0.835186,-9.9276601,0.1779192,0.502701,0.0710741
31.676397,0.8598361,-9.9231515,0.1838972,0.5013807,0.0718209
31.7264387,0.8843917,-9.9185078,0.1899227,0.500026,0.0725967
31.7764804,0.9088502,-9.9137289,0.1959973,0.4986373,0.0734021
31.8265221,0.9332089,-9.9088152,0.2021228,0.4972153,0.0742377
31.8765638,0.957465,-9.9037666,0.2083009,0.4957604,0.075104
31.9266055,0.981616,-9.8985834,0.2145333,0.4942732,0.0760018
31.9766472,1.0056591,-9.8932656,0.2208217,0.4927544,0.0769318
32.0266889,1.0295918,-9.8878135,0.2271681,0.4912046,0.0778945
32.0767306,1.0534114,-9.8822271,0.2335741,0.4896243,0.0788907
32.1267723,1.0771152,-9.8765067,0.2400417,0.4880142,0.0799212
32.176814,1.1007008,-9.8706524,0.2465726,0.4863751,0.0809866
32.2268557,1.1241655,-9.8646643,0.2531689,0.4847076,0.0820878
32.2768974,1.1475066,-9.8585426,0.2598323,0.4830124,0.0832255
32.3269391,1.1707217,-9.8522875,0.2665649,0.4812902,0.0844005
32.3769808,1.1938083,-9.8458991,0.2733686,0.4795419,0.0856136
32.4270225,1.2167637,-9.8393777,0.2802453,0.4777682,0.0868657
32.4770642,1.2395854,-9.8327234,0.2871972,0.4759698,0.0881575
32.5271059,1.262271,-9.8259364,0.2942263,0.4741477,0.08949
32.5771476,1.2848179,-9.8190168,0.3013347,0.4723027,0.090864
32.6271893,1.3072237,-9.8119649,0.3085244,0.4704357,0.0922804
32.677231,1.3294859,-9.8047809,0.3157976,0.4685475,0.09374
32.7272727,1.351602,-9.7974649,0.3231564,0.466639,0.0952438
32.7773144,1.3735697,-9.7900171,0.3306031,0.4647113,0.0967926
32.8273561,1.3953866,-9.7824379,0.3381398,0.4627653,0.0983873
32.8773978,1.4170501,-9.7747273,0.3457687,0.460802,0.1000289
32.9274395,1.438558,-9.7668855,0.3534922,0.4588225,0.1017182
32.9774812,1.4599079,-9.7589129,0.3613125,0.4568277,0.1034561
33.0275229,1.4810974,-9.7508096,0.3692319,0.4548187,0.1052435
33.0775646,1.5021242,-9.7425758,0.3772527,0.4527967,0.1070812
33.1276063,1.522986,-9.7342118,0.3853773,0.4507628,0.1089701
33.177648,1.5436805,-9.7257178,0.393608,0.4487181,0.1109111
33.2276897,1.5642055,-9.717094,0.4019471,0.4466638,0.1129048
33.2777314,1.5845587,-9.7083407,0.4103972,0.4446012,0.1149521
33.3277731,1.6047377,-9.699458,0.4189606,0.4425315,0.1170537
33.3778148,1.6247406,-9.6904464,0.4276396,0.4404558,0.1192102
33.4278565,1.6445649,-9.6813059,0.4364368,0.4383757,0.1214223
33.4778982,1.6642086,-9.6720368,0.4453545,0.4362923,0.1236906
33.5279399,1.6836695,-9.6626395,0.4543952,0.434207,0.1260155
33.5779817,1.7029455,-9.6531141,0.4635612,0.4321211,0.1283975
33.6280234,1.7220344,-9.6434609,0.472855,0.4300362,0.130837
33.6780651,1.7409341,-9.6336803,0.482279,0.4279535,0.1333341
33.7281068,1.7596426,-9.6237723,0.4918356,0.4258747,0.1358891
33.7781485,1.7781579,-9.6137374,0.5015271,0.423801,0.138502
33.8281902,1.7964778,-9.6035758,0.5113559,0.4217341,0.1411726
33.8782319,1.8146003,-9.5932878,0.5213243,0.4196755,0.1439008
33.9282736,1.8325236,-9.5828736,0.5314345,0.4176266,0.1466863
33.9783153,1.8502456,-9.5723336,0.5416888,0.4155891,0.1495284
34.028357,1.8677643,-9.5616681,0.5520895,0.4135646,0.1524265
34.0783987,1.8850778,-9.5508772,0.5626385,0.4115546,0.1553798
34.1284404,1.9021843,-9.5399614,0.5733379,0.4095608,0.1583871
34.1784821,1.9190819,-9.5289209,0.5841898,0.4075847,0.1614472
34.2285238,1.9357686,-9.5177561,0.5951961,0.4056281,0.1645586
34.2785655,1.9522427,-9.5064672,0.6063585,0.4036926,0.1677194
34.3286072,1.9685024,-9.4950545,0.6176787,0.4017799,0.1709278
34.3786489,1.9845458,-9.4835184,0.6291585,0.3998915,0.1741815
34.4286906,2.0003713,-9.4718591,0.6407991,0.3980292,0.1774779
34.4787323,2.015977,-9.4600771,0.6526021,0.3961946,0.1808143
34.528774,2.0313613,-9.4481726,0.6645686,0.3943893,0.1841874
34.5788157,2.0465224,-9.4361459,0.6766997,0.3926151,0.1875939
34.6288574,2.0614588,-9.4239974,0.6889963,0.3908735,0.1910299
34.6788991,2.0761687,-9.4117274,0.701459,0.3891662,0.1944915
34.7289408,2.0906505,-9.3993363,0.7140884,0.3874948,0.1979742
34.7789825,2.1049027,-9.3868244,0.7268848,0.3858607,0.2014731
34.8290242,2.1189237,-9.3741919,0.7398484,0.3842657,0.2049833
34.8790659,2.132712,-9.3614394,0.752979,0.3827111,0.2084991
34.9291076,2.146266,-9.3485671,0.7662763,0.3811985,0.2120149
34.9791493,2.1595842,-9.3355754,0.7797396,0.3797294,0.2155244
35.029191,2.1726652,-9.3224646,0.7933681,0.378305,0.2190213
35.0792327,2.1855075,-9.3092351,0.8071607,0.3769268,0.2224985
35.1292744,2.1981098,-9.2958873,0.8211159,0.3755961,0.2259491
35.1793161,2.2104706,-9.2824215,0.8352319,0.3743141,0.2293657
35.2293578,2.2225887,-9.2688381,0.8495068,0.3730821,0.2327404
35.2793995,2.2344626,-9.2551375,0.8639382,0.3719012,0.2360654
35.3294412,2.246091,-9.2413201,0.8785233,0.3707724,0.2393325
35.3794829,2.2574727,-9.2273861,0.8932593,0.3696968,0.2425333
35.4295246,2.2686065,-9.2133361,0.9081426,0.3686755,0.2456592
35.4795663,2.279491,-9.1991704,0.9231697,0.3677092,0.2487017
35.529608,2.2901252,-9.1848893,0.9383364,0.3667989,0.251652
35.5796497,2.3005078,-9.1704933,0.9536384,0.3659453,0.2545014
35.6296914,2.3106377,-9.1559828,0.9690708,0.3651492,0.2572409
35.6797331,2.3205139,-9.1413582,0.9846287,0.3644113,0.2598621
35.7297748,2.3301351,-9.1266199,1.0003065,0.3637322,0.2623562
35.7798165,2.3395003,-9.1117682,1.0160984,0.3631125,0.2647149
35.8298582,2.3486086,-9.0968036,1.0319983,0.3625528,0.2669299
35.8798999,2.3574589,-9.0817265,1.0479998,0.3620534,0.2689933
35.9299416,2.3660502,-9.0665373,1.064096,0.361615,0.2708975
35.9799833,2.3743817,-9.0512365,1.0802799,0.361238,0.2726353
36.030025,2.3824523,-9.0358244,1.0965441,0.3609226,0.2741998
36.0800667,2.3902613,-9.0203014,1.112881,0.3606694,0.2755849
36.1301084,2.3978076,-9.0046681,1.1292826,0.3604787,0.2767848
36.1801501,2.4050906,-8.9889248,1.1457409,0.3603508,0.2777942
36.2301918,2.4121094,-8.973072,1.1622475,0.3602861,0.2786086
36.2802335,2.4188633,-8.95711,1.178794,0.3602849,0.2792241
36.3302752,2.4253514,-8.9410394,1.1953716,0.3603475,0.2796375
36.3803169,2.4315732,-8.9248605,1.2119715,0.3604744,0.2798463
36.4303586,2.4375278,-8.9085739,1.2285849,0.3606657,0.2798489
36.4804003,2.4432147,-8.8921799,1.2452028,0.3609218,0.2796442
36.530442,2.4486333,-8.8756791,1.2618161,0.3612432,0.279232
36.5804837,2.4537828,-8.8590718,1.2784157,0.36163,0.2786129
36.6305254,2.4586629,-8.8423585,1.2949928,0.3620827,0.2777882
36.6805671,2.4632728,-8.8255398,1.3115383,0.3626017,0.2767601
36.7306088,2.4676122,-8.808616,1.3280432,0.3631872,0.2755314
36.7806505,2.4716805,-8.7915875,1.3444989,0.3638396,0.2741057
36.8306922,2.4754773,-8.774455,1.3608965,0.3645592,0.2724873
36.8807339,2.4790022,-8.7572188,1.3772277,0.3653464,0.270681
36.9307756,2.4822548,-8.7398794,1.393484,0.3662014,0.2686926
36.9808173,2.4852348,-8.7224374,1.4096573,0.3671245,0.2665281
37.030859,2.4879417,-8.7048931,1.4257398,0.3681159,0.2641943
37.0809008,2.4903754,-8.6872471,1.4417238,0.3691759,0.2616984
37.1309425,2.4925355,-8.6694998,1.4576018,0.3703047,0.259048
37.1809842,2.4944219,-8.6516517,1.473367,0.3715022,0.2562511
37.2310259,2.4960342,-8.6337034,1.4890123,0.3727687,0.2533161
37.2810676,2.4973723,-8.6156553,1.5045314,0.3741041,0.2502515
37.3311093,2.4984362,-8.5975078,1.519918,0.3755084,0.2470663
37.381151,2.4992255,-8.5792616,1.5351665,0.3769814,0.2437694
37.4311927,2.4997404,-8.5609172,1.5502713,0.3785229,0.24037
37.4812344,2.4999807,-8.5424749,1.5652272,0.3801327,0.236877
37.5312761,2.4999464,-8.5239353,1.5800295,0.3818104,0.2332998
37.5813178,2.4996374,-8.505299,1.5946738,0.3835556,0.2296474
37.6313595,2.4990539,-8.4865664,1.609156,0.3853679,0.2259287
37.6814012,2.4981959,-8.467738,1.6234722,0.3872466,0.2221525
37.7314429,2.4970635,-8.4488145,1.6376193,0.389191,0.2183277
37.7814846,2.4956568,-8.4297962,1.6515939,0.3912004,0.2144624
37.8315263,2.4939759,-8.4106837,1.6653936,0.3932741,0.210565
37.881568,2.4920212,-8.3914776,1.6790158,0.395411,0.2066434
37.9316097,2.4897926,-8.3721783,1.6924584,0.3976103,0.2027051
37.9816514,2.4872906,-8.3527865,1.7057198,0.3998708,0.1987573
38.0316931,2.4845154,-8.3333025,1.7187983,0.4021915,0.194807
38.0817348,2.4814672,-8.3137271,1.7316927,0.4045712,0.1908608
38.1317765,2.4781465,-8.2940606,1.7444023,0.4070087,0.1869249
38.1818182,2.4745536,-8.2743037,1.7569262,0.4095026,0.183005
38.2318599,2.4706889,-8.2544568,1.769264,0.4120517,0.1791066
38.2819016,2.4665527,-8.2345206,1.7814156,0.4146545,0.1752348
38.3319433,2.4621457,-8.2144956,1.793381,0.4173095,0.1713942
38.381985,2.4574681,-8.1943822,1.8051605,0.4200154,0.1675893
38.4320267,2.4525207,-8.1741812,1.8167544,0.4227705,0.1638238
38.4820684,2.4473038,-8.153893,1.8281634,0.4255735,0.1601016
38.5321101,2.4418182,-8.1335182,1.8393883,0.4284226,0.1564257
38.5821518,2.4360643,-8.1130573,1.8504301,0.4313162,0.1527991
38.6321935,2.4300428,-8.092511,1.8612898,0.4342529,0.1492245
38.6822352,2.4237544,-8.0718797,1.8719688,0.4372309,0.1457041
38.7322769,2.4171997,-8.0511641,1.8824683,0.4402487,0.14224
38.7823186,2.4103795,-8.0303646,1.89279,0.4433045,0.1388338
38.8323603,2.4032946,-8.009482,1.9029353,0.4463967,0.1354871
38.882402,2.3959457,-7.9885167,1.912906,0.4495237,0.132201
38.9324437,2.3883336,-7.9674693,1.9227039,0.4526839,0.1289765
38.9824854,2.3804592,-7.9463405,1.9323308,0.4558755,0.1258144
39.0325271,2.3723232,-7.9251307,1.9417886,0.459097,0.1227153
39.0825688,2.3639267,-7.9038407,1.9510794,0.4623467,0.1196796
39.1326105,2.3552706,-7.8824708,1.9602051,0.465623,0.1167074
39.1826522,2.3463557,-7.8610219,1.969168,0.4689243,0.1137987
39.2326939,2.3371831,-7.8394943,1.97797,0.4722491,0.1109536
39.2827356,2.3277537,-7.8178888,1.9866133,0.4755956,0.1081717
39.3327773,2.3180687,-7.7962059,1.9951002,0.4789624,0.1054526
39.382819,2.308129,-7.7744462,2.0034328,0.482348,0.102796
39.4328607,2.2979358,-7.7526103,2.0116134,0.4857508,0.1002012
39.4829024,2.2874902,-7.7306988,2.0196442,0.4891693,0.0976677
39.5329441,2.2767933,-7.7087123,2.0275275,0.492602,0.0951945
39.5829858,2.2658464,-7.6866515,2.0352654,0.4960475,0.092781
39.6330275,2.2546505,-7.6645169,2.0428602,0.4995043,0.0904262
39.6830692,2.243207,-7.6423091,2.0503143,0.5029711,0.0881293
39.7331109,2.231517,-7.6200287,2.0576297,0.5064463,0.0858893
39.7831526,2.219582,-7.5976764,2.0648087,0.5099288,0.0837051
39.8331943,2.2074032,-7.5752528,2.0718535,0.513417,0.0815757
39.883236,2.1949818,-7.5527584,2.0787664,0.5169096,0.0795001
39.9332777,2.1823194,-7.5301939,2.0855494,0.5204055,0.0774771
39.9833194,2.1694173,-7.50756,2.0922047,0.5239032,0.0755057
40.0333611,2.1562768,-7.4848572,2.0987344,0.5274016,0.0735847
40.0834028,2.1428995,-7.4620861,2.1051407,0.5308993,0.0717131
40.1334445,2.1292868,-7.4392475,2.1114256,0.5343953,0.0698895
40.1834862,2.1154403,-7.4163418,2.1175912,0.5378882,0.0681131
40.2335279,2.1013613,-7.3933698,2.1236394,0.5413769,0.0663825
40.2835696,2.0870515,-7.3703321,2.1295723,0.5448603,0.0646967
40.3336113,2.0725125,-7.3472293,2.1353919,0.5483372,0.0630546
40.383653,2.0577459,-7.324062,2.1411,0.5518065,0.061455
40.4336947,2.0427532,-7.3008309,2.1466986,0.5552672,0.0598968
40.4837364,2.0275361,-7.2775366,2.1521895,0.5587181,0.058379
40.5337781,2.0120963,-7.2541798,2.1575745,0.5621583,0.0569005
40.5838198,1.9964355,-7.2307611,2.1628556,0.5655867,0.0554602
40.6338616,1.9805553,-7.2072811,2.1680343,0.5690023,0.0540572
40.6839033,1.9644577,-7.1837405,2.1731126,0.5724041,0.0526902
40.733945,1.9481442,-7.1601399,2.178092,0.5757911,0.0513585
40.7839867,1.9316168,-7.13648,2.1829743,0.5791625,0.0500609
40.8340284,1.9148772,-7.1127615,2.187761,0.5825171,0.0487965
40.8840701,1.8979272,-7.0889849,2.1924539,0.5858543,0.0475644
40.9341118,1.8807688,-7.065151,2.1970544,0.5891729,0.0463637
40.9841535,1.8634038,-7.0412603,2.2015641,0.5924723,0.0451933
41.0341952,1.845834,-7.0173136,2.2059846,0.5957514,0.0440525
41.0842369,1.8280616,-6.9933115,2.2103172,0.5990095,0.0429404
41.1342786,1.8100883,-6.9692546,2.2145635,0.6022457,0.0418562
41.1843203,1.7919162,-6.9451437,2.2187248,0.6054593,0.0407989
41.234362,1.7735473,-6.9209794,2.2228025,0.6086493,0.0397679
41.2844037,1.7549835,-6.8967623,2.2267981,0.6118151,0.0387623
41.3344454,1.736227,-6.8724931,2.2307127,0.6149559,0.0377814
41.3844871,1.7172798,-6.8481725,2.2345477,0.6180708,0.0368244
41.4345288,1.6981439,-6.8238011,2.2383044,0.6211592,0.0358906
41.4845705,1.6788215,-6.7993797,2.241984,0.6242204,0.0349793
41.5346122,1.6593147,-6.7749088,2.2455877,0.6272536,0.0340899
41.5846539,1.6396257,-6.7503892,2.2491166,0.6302582,0.0332216
41.6346956,1.6197565,-6.7258216,2.252572,0.6332334,0.0323737
41.6847373,1.5997094,-6.7012065,2.2559549,0.6361786,0.0315458
41.734779,1.5794866,-6.6765447,2.2592664,0.6390931,0.0307371
41.7848207,1.5590903,-6.6518369,2.2625076,0.6419763,0.0299471
41.8348624,1.5385227,-6.6270838,2.2656796,0.6448276,0.0291751
41.8849041,1.5177862,-6.6022859,2.2687833,0.6476463,0.0284207
41.9349458,1.4968829,-6.577444,2.2718197,0.6504319,0.0276832
41.9849875,1.4758152,-6.5525589,2.2747898,0.6531837,0.0269622
42.0350292,1.4545853,-6.5276311,2.2776946,0.6559011,0.0262571
42.0850709,1.4331957,-6.5026613,2.280535,0.6585837,0.0255674
42.1351126,1.4116487,-6.4776503,2.2833118,0.6612308,0.0248927
42.1851543,1.3899466,-6.4525987,2.2860259,0.6638418,0.0242324
42.235196,1.3680919,-6.4275072,2.2886781,0.6664164,0.0235861
42.2852377,1.3460868,-6.4023765,2.2912694,0.6689538,0.0229534
42.3352794,1.3239339,-6.3772073,2.2938005,0.6714537,0.0223337
42.3853211,1.3016356,-6.3520002,2.2962721,0.6739155,0.0217268
42.4353628,1.2791943,-6.3267561,2.2986851,0.6763388,0.0211321
42.4854045,1.2566125,-6.3014755,2.3010401,0.678723,0.0205493
42.5354462,1.2338926,-6.2761592,2.303338,0.6810676,0.019978
42.5854879,1.2110372,-6.2508078,2.3055793,0.6833723,0.0194178
42.6355296,1.1880488,-6.2254221,2.3077648,0.6856366,0.0188683
42.6855713,1.1649299,-6.2000027,2.3098951,0.6878601,0.0183293
42.735613,1.141683,-6.1745504,2.3119709,0.6900422,0.0178002
42.7856547,1.1183108,-6.1490658,2.3139928,0.6921827,0.0172809
42.8356964,1.0948156,-6.1235496,2.3159614,0.694281,0.0167709
42.8857381,1.0712003,-6.0980027,2.3178773,0.6963369,0.0162699
42.9357798,1.0474672,-6.0724255,2.319741,0.6983498,0.0157777
42.9858215,1.0236191,-6.0468189,2.3215532,0.7003195,0.0152939
43.0358632,0.9996586,-6.0211836,2.3233143,0.7022456,0.0148183
43.0859049,0.9755882,-5.9955202,2.3250248,0.7041277,0.0143505
43.1359466,0.9514107,-5.9698295,2.3266853,0.7059655,0.0138902
43.1859883,0.9271287,-5.9441121,2.3282963,0.7077586,0.0134373
43.23603,0.9027449,-5.9183688,2.3298581,0.7095067,0.0129913
43.2860717,0.8782618,-5.8926003,2.3313714,0.7112095,0.0125521
43.3361134,0.8536823,-5.8668073,2.3328364,0.7128667,0.0121194
43.3861551,0.8290091,-5.8409905,2.3342537,0.7144779,0.0116929
43.4361968,0.8042448,-5.8151506,2.3356236,0.716043,0.0112725
43.4862385,0.7793921,-5.7892883,2.3369465,0.7175615,0.0108578
43.5362802,0.7544538,-5.7634043,2.3382229,0.7190333,0.0104486
43.5863219,0.7294327,-5.7374994,2.339453,0.7204581,0.0100448
43.6363636,0.7043314,-5.7115742,2.3406372,0.7218356,0.009646
43.6864053,0.6791528,-5.6856295,2.3417759,0.7231655,0.0092521
43.736447,0.6538995,-5.6596659,2.3428694,0.7244478,0.0088628
43.7864887,0.6285744,-5.6336842,2.343918,0.725682,0.008478
43.8365304,0.6031803,-5.6076852,2.344922,0.726868,0.0080974
43.8865721,0.57772,-5.5816694,2.3458816,0.7280057,0.0077208
43.9366138,0.5521961,-5.5556377,2.3467972,0.7290947,0.0073481
43.9866555,0.5266116,-5.5295907,2.347669,0.730135,0.006979
44.0366972,0.5009693,-5.5035291,2.3484972,0.7311262,0.0066134
44.0867389,0.475272,-5.4774538,2.3492821,0.7320683,0.006251
44.1367807,0.4495224,-5.4513653,2.3500239,0.7329612,0.0058916
44.1868224,0.4237234,-5.4252644,2.3507228,0.7338045,0.0055352
44.2368641,0.397878,-5.3991519,2.351379,0.7345982,0.0051815
44.2869058,0.3719888,-5.3730284,2.3519927,0.7353422,0.0048302
44.3369475,0.3460587,-5.3468946,2.352564,0.7360363,0.0044814
44.3869892,0.3200907,-5.3207513,2.3530932,0.7366805,0.0041347
44.4370309,0.2940874,-5.2945992,2.3535802,0.7372745,0.00379
44.4870726,0.2680519,-5.2684391,2.3540254,0.7378183,0.0034472
44.5371143,0.2419869,-5.2422715,2.3544288,0.7383118,0.003106
44.587156,0.2158954,-5.2160973,2.3547905,0.7387549,0.0027664
44.6371977,0.1897801,-5.1899172,2.3551106,0.7391476,0.002428
44.6872394,0.163644,-5.1637318,2.3553892,0.7394897,0.0020909
44.7372811,0.1374899,-5.137542,2.3556265,0.7397813,0.0017547
44.7873228,0.1113207,-5.1113483,2.3558223,0.7400222,0.0014194
44.8373645,0.0851393,-5.0851516,2.3559769,0.7402125,0.0010848
44.8874062,0.0589485,-5.0589526,2.3560902,0.740352,0.0007507
44.9374479,0.0327513,-5.032752,2.3561623,0.7404408,0.0004169
44.9874896,0.0065504,-5.0065504,2.3561932,0.7404789,8.34e-05
45.0375313,-0.0196511,-4.9803487,2.3561829,0.7404662,-0.0002501
45.087573,-0.0458505,-4.9541475,2.3561314,0.7404028,-0.0005838
45.1376147,-0.0720449,-4.9279476,2.3560387,0.7402886,-0.0009177
45.1876564,-0.0982314,-4.9017497,2.3559048,0.7401237,-0.001252
45.2376981,-0.124407,-4.8755544,2.3557296,0.7399081,-0.001587
45.2877398,-0.150569,-4.8493626,2.355513,0.7396419,-0.0019227
45.3377815,-0.1767145,-4.8231749,2.3552551,0.739325,-0.0022593
45.3878232,-0.2028405,-4.7969921,2.3549557,0.7389576,-0.002597
45.4378649,-0.2289443,-4.7708148,2.3546148,0.7385397,-0.002936
45.4879066,-0.2550229,-4.7446438,2.3542323,0.7380713,-0.0032764
45.5379483,-0.2810735,-4.7184799,2.3538081,0.7375527,-0.0036184
45.58799,-0.3070933,-4.6923237,2.3533419,0.7369837,-0.0039621
45.6380317,-0.3330793,-4.6661759,2.3528339,0.7363647,-0.0043078
45.6880734,-0.3590287,-4.6400373,2.3522837,0.7356955,-0.0046555
45.7381151,-0.3849387,-4.6139086,2.3516912,0.7349765,-0.0050055
45.7881568,-0.4108063,-4.5877904,2.3510563,0.7342076,-0.005358
45.8381985,-0.4366289,-4.5616836,2.3503787,0.733389,-0.0057131
45.8882402,-0.4624035,-4.5355889,2.3496584,0.7325209,-0.0060709
45.9382819,-0.4881273,-4.5095069,2.3488951,0.7316034,-0.0064318
45.9883236,-0.5137975,-4.4834383,2.3480885,0.7306367,-0.0067958
46.0383653,-0.5394113,-4.457384,2.3472386,0.7296209,-0.0071631
46.088407,-0.5649658,-4.4313445,2.3463449,0.7285563,-0.007534
46.1384487,-0.5904582,-4.4053207,2.3454073,0.7274429,-0.0079086
46.1884904,-0.6158858,-4.3793132,2.3444255,0.7262811,-0.0082872
46.2385321,-0.6412458,-4.3533227,2.3433993,0.7250709,-0.0086699
46.2885738,-0.6665353,-4.32735,2.3423283,0.7238126,-0.0090569
46.3386155,-0.6917516,-4.3013958,2.3412122,0.7225065,-0.0094484
46.3886572,-0.7168919,-4.2754607,2.3400508,0.7211528,-0.0098448
46.4386989,-0.7419534,-4.2495456,2.3388437,0.7197516,-0.010246
46.4887406,-0.7669335,-4.223651,2.3375905,0.7183033,-0.0106525
46.5387823,-0.7918293,-4.1977778,2.3362909,0.7168081,-0.0110644
46.588824,-0.8166381,-4.1719266,2.3349445,0.7152662,-0.011482
46.6388657,-0.8413573,-4.1460982,2.333551,0.713678,-0.0119054
46.6889074,-0.865984,-4.1202932,2.3321099,0.7120438,-0.0123349
46.7389491,-0.8905156,-4.0945123,2.3306208,0.7103638,-0.0127709
46.7889908,-0.9149493,-4.0687563,2.3290833,0.7086383,-0.0132134
46.8390325,-0.9392826,-4.0430259,2.327497,0.7068676,-0.0136628
46.8890742,-0.9635127,-4.0173218,2.3258613,0.7050522,-0.0141194
46.9391159,-0.987637,-3.9916447,2.3241758,0.7031922,-0.0145834
46.9891576,-1.0116527,-3.9659952,2.3224401,0.7012881,-0.0150551
47.0391993,-1.0355574,-3.9403742,2.3206535,0.6993401,-0.0155348
47.089241,-1.0593483,-3.9147822,2.3188157,0.6973487,-0.0160228
47.1392827,-1.0830228,-3.88922,2.3169259,0.6953143,-0.0165193
47.1893244,-1.1065784,-3.8636884,2.3149837,0.6932371,-0.0170247
47.2393661,-1.1300124,-3.8381879,2.3129886,0.6911177,-0.0175393
47.2894078,-1.1533223,-3.8127194,2.3109398,0.6889563,-0.0180635
47.3394495,-1.1765055,-3.7872835,2.3088368,0.6867535,-0.0185975
47.3894912,-1.1995595,-3.7618808,2.306679,0.6845096,-0.0191417
47.4395329,-1.2224817,-3.7365122,2.3044656,0.682225,-0.0196965
47.4895746,-1.2452696,-3.7111782,2.3021961,0.6799003,-0.0202622
47.5396163,-1.2679208,-3.6858797,2.2998698,0.6775358,-0.0208392
47.589658,-1.2904327,-3.6606172,2.2974859,0.675132,-0.0214279
47.6396997,-1.3128028,-3.6353916,2.2950437,0.6726894,-0.0220287
47.6897415,-1.3350287,-3.6102034,2.2925424,0.6702085,-0.0226419
47.7397832,-1.357108,-3.5850533,2.2899813,0.6676898,-0.0232681
47.7898249,-1.3790382,-3.5599421,2.2873597,0.6651337,-0.0239075
47.8398666,-1.4008169,-3.5348705,2.2846766,0.6625408,-0.0245608
47.8899083,-1.4224418,-3.5098391,2.2819312,0.6599117,-0.0252282
47.93995,-1.4439104,-3.4848486,2.2791228,0.6572468,-0.0259104
47.9899917,-1.4652204,-3.4598997,2.2762503,0.6545467,-0.0266077
48.0400334,-1.4863694,-3.4349932,2.273313,0.651812,-0.0273207
48.0900751,-1.5073552,-3.4101296,2.2703098,0.6490433,-0.0280499
48.1401168,-1.5281754,-3.3853096,2.2672399,0.6462411,-0.0287957
48.1901585,-1.5488278,-3.360534,2.2641022,0.643406,-0.0295589
48.2402002,-1.56931,-3.3358034,2.2608957,0.6405387,-0.0303398
48.2902419,-1.5896198,-3.3111186,2.2576195,0.6376397,-0.0311391
48.3402836,-1.6097551,-3.2864801,2.2542724,0.6347098,-0.0319573
48.3903253,-1.6297135,-3.2618886,2.2508534,0.6317495,-0.0327951
48.440367,-1.6494929,-3.2373449,2.2473614,0.6287595,-0.0336531
48.4904087,-1.6690911,-3.2128496,2.2437953,0.6257406,-0.0345319
48.5404504,-1.6885059,-3.1884034,2.2401538,0.6226933,-0.0354322
48.5904921,-1.7077353,-3.1640069,2.2364358,0.6196184,-0.0363547
48.6405338,-1.7267771,-3.1396608,2.2326401,0.6165166,-0.0373
48.6905755,-1.7456293,-3.1153658,2.2287654,0.6133887,-0.0382688
48.7406172,-1.7642896,-3.0911226,2.2248105,0.6102353,-0.039262
48.7906589,-1.7827562,-3.0669318,2.220774,0.6070573,-0.0402802
48.8407006,-1.801027,-3.0427941,2.2166547,0.6038554,-0.0413242
48.8907423,-1.8190999,-3.0187101,2.212451,0.6006304,-0.0423949
48.940784,-1.836973,-2.9946806,2.2081618,0.5973831,-0.043493
48.9908257,-1.8546444,-2.9707061,2.2037854,0.5941144,-0.0446193
49.0408674,-1.872112,-2.9467873,2.1993205,0.5908251,-0.0457747
49.0909091,-1.8893739,-2.9229249,2.1947656,0.587516,-0.0469602
49.1409508,-1.9064284,-2.8991196,2.1901191,0.5841879,-0.0481765
49.1909925,-1.9232734,-2.8753719,2.1853795,0.5808419,-0.0494246
49.2410342,-1.9399071,-2.8516826,2.1805452,0.5774788,-0.0507055
49.2910759,-1.9563278,-2.8280523,2.1756145,0.5740995,-0.05202
49.3411176,-1.9725336,-2.8044817,2.1705859,0.570705,-0.0533692
49.3911593,-1.9885227,-2.7809713,2.1654576,0.5672962,-0.0547541
49.441201,-2.0042934,-2.7575219,2.1602279,0.5638741,-0.0561757
49.4912427,-2.0198439,-2.734134,2.1548951,0.5604396,-0.0576349
49.5412844,-2.0351726,-2.7108084,2.1494574,0.5569939,-0.0591329
49.5913261,-2.0502777,-2.6875456,2.1439129,0.553538,-0.0606708
49.6413678,-2.0651576,-2.6643463,2.1382598,0.5500728,-0.0622495
49.6914095,-2.0798106,-2.6412112,2.1324962,0.5465996,-0.0638702
49.7414512,-2.0942352,-2.6181409,2.1266202,0.5431193,-0.0655341
49.7914929,-2.1084297,-2.5951359,2.1206298,0.5396331,-0.0672421
49.8415346,-2.1223927,-2.572197,2.1145232,0.5361422,-0.0689955
49.8915763,-2.1361225,-2.5493248,2.1082982,0.5326476,-0.0707954
49.941618,-2.1496177,-2.5265199,2.1019529,0.5291506,-0.0726428
49.9916597,-2.1628767,-2.5037829,2.0954851,0.5256524,-0.074539
50.0417014,-2.1758982,-2.4811144,2.0888928,0.5221542,-0.0764851
50.0917431,-2.1886807,-2.4585151,2.082174,0.5186572,-0.0784821
50.1417848,-2.2012227,-2.4359856,2.0753263,0.5151628,-0.0805313
50.1918265,-2.213523,-2.4135265,2.0683478,0.5116722,-0.0826336
50.2418682,-2.2255801,-2.3911385,2.0612361,0.5081867,-0.0847903
50.2919099,-2.2373927,-2.3688221,2.0539892,0.5047077,-0.0870022
50.3419516,-2.2489596,-2.3465779,2.0466047,0.5012366,-0.0892706
50.3919933,-2.2602795,-2.3244066,2.0390806,0.4977746,-0.0915963
50.442035,-2.271351,-2.3023088,2.0314145,0.4943233,-0.0939803
50.4920767,-2.2821731,-2.2802851,2.0236042,0.490884,-0.0964236
50.5421184,-2.2927445,-2.258336,2.0156474,0.4874582,-0.0989268
50.5921601,-2.303064,-2.2364623,2.007542,0.4840473,-0.1014909
50.6422018,-2.3131306,-2.2146644,1.9992857,0.480653,-0.1041166
50.6922435,-2.3229431,-2.192943,1.9908762,0.4772766,-0.1068043
50.7422852,-2.3325004,-2.1712987,1.9823113,0.4739197,-0.1095547
50.7923269,-2.3418015,-2.1497321,1.9735889,0.4705839,-0.1123682
50.8423686,-2.3508454,-2.1282438,1.9647068,0.4672706,-0.1152451
50.8924103,-2.359631,-2.1068343,1.9556628,0.4639816,-0.1181855
50.942452,-2.3681575,-2.0855043,1.9464548,0.4607184,-0.1211895
50.9924937,-2.3764238,-2.0642543,1.9370807,0.4574826,-0.124257
51.0425354,-2.3844291,-2.0430849,1.9275386,0.4542759,-0.1273876
51.0925771,-2.3921725,-2.0219968,1.9178264,0.4510998,-0.130581
51.1426188,-2.3996531,-2.0009904,1.9079424,0.447956,-0.1338364
51.1926606,-2.4068701,-1.9800663,1.8978846,0.4448461,-0.1371529
51.2427023,-2.4138228,-1.9592252,1.8876513,0.4417719,-0.1405296
51.292744,-2.4205103,-1.9384676,1.8772409,0.4387349,-0.1439649
51.3427857,-2.4269319,-1.9177941,1.8666518,0.4357368,-0.1474574
51.3928274,-2.4330869,-1.8972052,1.8558826,0.4327793,-0.1510052
51.4428691,-2.4389747,-1.8767015,1.844932,0.4298639,-0.1546061
51.4929108,-2.4445946,-1.8562836,1.8337988,0.4269923,-0.1582576
51.5429525,-2.4499459,-1.835952,1.8224819,0.4241661,-0.1619571
51.5929942,-2.4550281,-1.8157073,1.8109806,0.4213869,-0.1657014
51.6430359,-2.4598407,-1.7955501,1.799294,0.4186562,-0.1694871
51.6930776,-2.464383,-1.7754808,1.7874216,0.4159755,-0.1733103
51.7431193,-2.4686547,-1.7555001,1.7753631,0.4133464,-0.1771671
51.793161,-2.4726552,-1.7356085,1.7631184,0.4107704,-0.1810528
51.8432027,-2.4763841,-1.7158066,1.7506875,0.4082487,-0.1849626
51.8932444,-2.4798409,-1.6960948,1.7380707,0.4057828,-0.1888912
51.9432861,-2.4830254,-1.6764738,1.7252686,0.4033741,-0.192833
51.9933278,-2.4859371,-1.656944,1.7122819,0.4010237,-0.1967821
52.0433695,-2.4885758,-1.637506,1.6991119,0.3987329,-0.2007319
52.0934112,-2.4909411,-1.6181604,1.6857597,0.3965029,-0.2046758
52.1434529,-2.4930328,-1.5989077,1.672227,0.3943347,-0.2086068
52.1934946,-2.4948506,-1.5797483,1.6585158,0.3922293,-0.2125173
52.2435363,-2.4963944,-1.5606829,1.6446283,0.3901876,-0.2163996
52.293578,-2.497664,-1.5417119,1.6305671,0.3882106,-0.2202457
52.3436197,-2.4986592,-1.5228359,1.6163351,0.386299,-0.2240472
52.3936614,-2.49938,-1.5040553,1.6019354,0.3844534,-0.2277957
52.4437031,-2.4998262,-1.4853708,1.5873717,0.3826746,-0.2314824
52.4937448,-2.4999979,-1.4667828,1.5726479,0.3809631,-0.2350984
52.5437865,-2.4998949,-1.4482918,1.5577682,0.3793193,-0.2386346
52.5938282,-2.4995173,-1.4298983,1.5427372,0.3777436,-0.242082
52.6438699,-2.4988652,-1.4116029,1.5275599,0.3762363,-0.2454313
52.6939116,-2.4979385,-1.3934061,1.5122416,0.3747976,-0.2486734
52.7439533,-2.4967375,-1.3753082,1.496788,0.3734278,-0.2517994
52.793995,-2.4952623,-1.3573099,1.481205,0.3721269,-0.2548003
52.8440367,-2.4935129,-1.3394117,1.465499,0.3708948,-0.2576673
52.8940784,-2.4914897,-1.321614,1.4496765,0.3697317,-0.260392
52.9441201,-2.4891928,-1.3039172,1.4337446,0.3686373,-0.2629662
52.9941618,-2.4866224,-1.286322,1.4177104,0.3676116,-0.265382
53.0442035,-2.4837789,-1.2688288,1.4015815,0.3666544,-0.267632
53.0942452,-2.4806626,-1.251438,1.3853657,0.3657654,-0.2697092
53.1442869,-2.4772738,-1.2341502,1.3690709,0.3649443,-0.2716073
53.1943286,-2.4736129,-1.2169657,1.3527055,0.364191,-0.2733203
53.2443703,-2.4696803,-1.1998852,1.3362777,0.363505,-0.2748429
53.294412,-2.4654763,-1.182909,1.3197964,0.3628861,-0.2761706
53.3444537,-2.4610016,-1.1660377,1.30327,0.3623339,-0.2772994
53.3944954,-2.4562566,-1.1492716,1.2867077,0.3618481,-0.2782261
53.4445371,-2.4512417,-1.1326113,1.2701182,0.3614284,-0.2789482
53.4945788,-2.4459576,-1.1160572,1.2535105,0.3610743,-0.279464
53.5446205,-2.4404048,-1.0996097,1.2368938,0.3607856,-0.2797725
53.5946622,-2.4345839,-1.0832693,1.2202771,0.3605619,-0.2798735
53.6447039,-2.4284957,-1.0670365,1.2036693,0.3604029,-0.2797676
53.6947456,-2.4221406,-1.0509118,1.1870794,0.3603082,-0.2794562
53.7447873,-2.4155195,-1.0348954,1.1705163,0.3602775,-0.2789414
53.794829,-2.4086331,-1.018988,1.1539887,0.3603105,-0.278226
53.8448707,-2.4014821,-1.0031898,1.1375052,0.3604069,-0.2773136
53.8949124,-2.3940673,-0.9875014,1.1210742,0.3605662,-0.2762083
53.9449541,-2.3863896,-0.9719233,1.1047039,0.3607882,-0.2749152
53.9949958,-2.3784497,-0.9564557,1.0884024,0.3610725,-0.2734396
54.0450375,-2.3702485,-0.9410992,1.0721774,0.3614188,-0.2717876
54.0950792,-2.361787,-0.9258541,1.0560365,0.3618266,-0.2699657
54.1451209,-2.3530661,-0.9107209,1.0399868,0.3622955,-0.267981
54.1951626,-2.3440866,-0.8957,1.0240353,0.3628251,-0.2658408
54.2452043,-2.3348498,-0.8807918,1.0081886,0.3634149,-0.263553
54.295246,-2.3253564,-0.8659968,0.992453,0.3640644,-0.2611255
54.3452877,-2.3156076,-0.8513152,0.9768344,0.3647729,-0.2585669
54.3953294,-2.3056044,-0.8367476,0.9613386,0.36554,-0.2558854
54.4453711,-2.295348,-0.8222943,0.9459708,0.3663649,-0.2530899
54.4954128,-2.2848395,-0.8079558,0.9307358,0.367247,-0.250189
54.5454545,-2.27408,-0.7937323,0.9156384,0.3681854,-0.2471915
54.5954962,-2.2630707,-0.7796244,0.9006827,0.3691793,-0.2441061
54.6455379,-2.2518128,-0.7656324,0.8858726,0.3702279,-0.2409417
54.6955796,-2.2403075,-0.7517566,0.8712117,0.3713302,-0.2377067
54.7456214,-2.2285562,-0.7379975,0.8567031,0.3724852,-0.2344096
54.7956631,-2.2165601,-0.7243555,0.8423497,0.3736918,-0.2310587
54.8457048,-2.2043205,-0.7108309,0.8281539,0.374949,-0.2276621
54.8957465,-2.1918388,-0.697424,0.8141181,0.3762554,-0.2242276
54.9457882,-2.1791163,-0.6841353,0.800244,0.3776101,-0.2207628
54.9958299,-2.1661544,-0.6709651,0.7865333,0.3790115,-0.2172749
55.0458716,-2.1529546,-0.6579138,0.7729873,0.3804584,-0.2137708
55.0959133,-2.1395183,-0.6449818,0.7596069,0.3819495,-0.2102574
55.145955,-2.125847,-0.6321693,0.7463929,0.3834832,-0.2067408
55.1959967,-2.1119422,-0.6194768,0.7333457,0.3850582,-0.2032271
55.2460384,-2.0978054,-0.6069046,0.7204657,0.386673,-0.1997219
55.2960801,-2.0834382,-0.594453,0.7077528,0.3883259,-0.1962305
55.3461218,-2.0688421,-0.5821224,0.6952068,0.3900155,-0.1927578
55.3961635,-2.0540188,-0.5699131,0.6828273,0.3917401,-0.1893085
55.4462052,-2.0389699,-0.5578255,0.6706135,0.3934982,-0.1858867
55.4962469,-2.0236969,-0.5458599,0.6585649,0.3952882,-0.1824964
55.5462886,-2.0082017,-0.5340166,0.6466803,0.3971083,-0.1791413
55.5963303,-1.9924859,-0.5222959,0.6349586,0.398957,-0.1758246
55.646372,-1.9765513,-0.5106982,0.6233986,0.4008325,-0.1725492
55.6964137,-1.9603995,-0.4992237,0.6119988,0.4027333,-0.1693178
55.7464554,-1.9440324,-0.4878729,0.6007576,0.4046576,-0.1661329
55.7964971,-1.9274517,-0.476646,0.5896735,0.4066039,-0.1629966
55.8465388,-1.9106593,-0.4655433,0.5787447,0.4085704,-0.1599107
55.8965805,-1.8936571,-0.4545651,0.5679693,0.4105556,-0.1568768
55.9466222,-1.8764468,-0.4437117,0.5573453,0.4125577,-0.1538963
55.9966639,-1.8590304,-0.4329835,0.5468707,0.4145751,-0.1509705
56.0467056,-1.8414099,-0.4223806,0.5365435,0.4166063,-0.1481003
56.0967473,-1.823587,-0.4119035,0.5263615,0.4186497,-0.1452864
56.146789,-1.8055638,-0.4015524,0.5163225,0.4207036,-0.1425296
56.1968307,-1.7873424,-0.3913276,0.5064242,0.4227666,-0.1398301
56.2468724,-1.7689245,-0.3812293,0.4966643,0.4248371,-0.1371883
56.2969141,-1.7503124,-0.3712578,0.4870406,0.4269135,-0.1346044
56.3469558,-1.731508,-0.3614135,0.4775506,0.4289945,-0.1320783
56.3969975,-1.7125134,-0.3516965,0.468192,0.4310785,-0.1296101
56.4470392,-1.6933307,-0.3421072,0.4589623,0.433164,-0.1271994
56.4970809,-1.6739621,-0.3326458,0.4498593,0.4352498,-0.1248459
56.5471226,-1.6544095,-0.3233126,0.4408804,0.4373343,-0.1225494
56.5971643,-1.6346752,-0.3141078,0.4320233,0.4394162,-0.1203093
56.647206,-1.6147613,-0.3050317,0.4232855,0.4414943,-0.118125
56.6972477,-1.5946701,-0.2960845,0.4146646,0.4435671,-0.115996
56.7472894,-1.5744037,-0.2872665,0.4061582,0.4456335,-0.1139217
56.7973311,-1.5539644,-0.2785779,0.3977638,0.4476921,-0.1119013
56.8473728,-1.5333543,-0.270019,0.3894792,0.4497417,-0.1099341
56.8974145,-1.5125759,-0.2615899,0.3813019,0.4517811,-0.1080192
56.9474562,-1.4916313,-0.253291,0.3732295,0.4538093,-0.106156
56.9974979,-1.4705228,-0.2451224,0.3652597,0.4558249,-0.1043436
57.0475396,-1.4492528,-0.2370844,0.3573901,0.4578269,-0.102581
57.0975813,-1.4278237,-0.2291772,0.3496185,0.4598142,-0.1008675
57.147623,-1.4062376,-0.221401,0.3419426,0.4617858,-0.0992022
57.1976647,-1.3844972,-0.2137561,0.33436,0.4637406,-0.0975841
57.2477064,-1.3626046,-0.2062425,0.3268686,0.4656775,-0.0960125
57.2977481,-1.3405624,-0.1988607,0.3194662,0.4675957,-0.0944863
57.3477898,-1.3183729,-0.1916106,0.3121504,0.4694942,-0.0930047
57.3978315,-1.2960386,-0.1844926,0.3049192,0.4713719,-0.0915668
57.4478732,-1.2735619,-0.1775069,0.2977705,0.473228,-0.0901718
57.4979149,-1.2509454,-0.1706535,0.290702,0.4750617,-0.0888186
57.5479566,-1.2281914,-0.1639328,0.2837118,0.476872,-0.0875066
57.5979983,-1.2053025,-0.1573449,0.2767977,0.4786582,-0.0862347
57.64804,-1.1822812,-0.15089,0.2699577,0.4804193,-0.0850022
57.6980817,-1.1591301,-0.1445683,0.2631898,0.4821546,-0.0838083
57.7481234,-1.1358516,-0.1383799,0.2564921,0.4838634,-0.082652
57.7981651,-1.1124484,-0.132325,0.2498625,0.4855448,-0.0815327
57.8482068,-1.088923,-0.1264037,0.2432991,0.4871983,-0.0804495
57.8982485,-1.0652779,-0.1206163,0.2368001,0.4888229,-0.0794016
57.9482902,-1.0415159,-0.1149629,0.2303635,0.4904182,-0.0783884
57.9983319,-1.0176394,-0.1094437,0.2239876,0.4919833,-0.077409
58.0483736,-0.9936512,-0.1040587,0.2176704,0.4935177,-0.0764628
58.0984153,-0.9695538,-0.0988082,0.2114102,0.4950208,-0.075549
58.148457,-0.9453499,-0.0936923,0.2052052,0.4964919,-0.074667
58.1984987,-0.9210422,-0.0887111,0.1990536,0.4979304,-0.0738161
58.2485405,-0.8966333,-0.0838648,0.1929537,0.4993359,-0.0729957
58.2985822,-0.8721259,-0.0791535,0.1869039,0.5007076,-0.0722052
58.3486239,-0.8475227,-0.0745773,0.1809024,0.5020452,-0.0714439
58.3986656,-0.8228264,-0.0701364,0.1749475,0.5033481,-0.0707113
58.4487073,-0.7980398,-0.0658308,0.1690377,0.5046158,-0.0700069
58.498749,-0.7731654,-0.0616608,0.1631713,0.5058478,-0.06933
58.5487907,-0.7482062,-0.0576264,0.1573467,0.5070438,-0.0686802
58.5988324,-0.7231648,-0.0537277,0.1515623,0.5082031,-0.0680569
58.6488741,-0.6980439,-0.0499648,0.1458165,0.5093255,-0.0674597
58.6989158,-0.6728463,-0.0463379,0.1401079,0.5104105,-0.0668882
58.7489575,-0.6475749,-0.042847,0.1344349,0.5114577,-0.0663418
58.7989992,-0.6222323,-0.0394922,0.1287959,0.5124668,-0.0658201
58.8490409,-0.5968213,-0.0362736,0.1231896,0.5134373,-0.0653228
58.8990826,-0.5713448,-0.0331914,0.1176143,0.514369,-0.0648495
58.9491243,-0.5458056,-0.0302456,0.1120688,0.5152616,-0.0643997
58.999166,-0.5202064,-0.0274362,0.1065514,0.5161146,-0.0639731
59.0492077,-0.49455,-0.0247634,0.1010608,0.5169279,-0.0635694
59.0992494,-0.4688393,-0.0222272,0.0955956,0.5177011,-0.0631883
59.1492911,-0.4430772,-0.0198277,0.0901543,0.5184341,-0.0628295
59.1993328,-0.4172663,-0.0175649,0.0847355,0.5191264,-0.0624926
59.2493745,-0.3914096,-0.015439,0.079338,0.5197779,-0.0621775
59.2994162,-0.36551,-0.01345,0.0739602,0.5203885,-0.0618839
59.3494579,-0.3395702,-0.0115979,0.0686009,0.5209578,-0.0616115
59.3994996,-0.313593,-0.0098828,0.0632586,0.5214857,-0.0613601
59.4495413,-0.2875815,-0.0083047,0.0579321,0.521972,-0.0611296
59.499583,-0.2615383,-0.0068638,0.05262,0.5224165,-0.0609197
59.5496247,-0.2354664,-0.0055599,0.0473209,0.5228192,-0.0607303
59.5996664,-0.2093687,-0.0043932,0.0420335,0.5231798,-0.0605613
59.6497081,-0.1832479,-0.0033636,0.0367566,0.5234982,-0.0604124
59.6997498,-0.157107,-0.0024713,0.0314888,0.5237745,-0.0602836
59.7497915,-0.1309489,-0.0017162,0.0262288,0.5240083,-0.0601748
59.7998332,-0.1047764,-0.0010984,0.0209752,0.5241998,-0.0600859
59.8498749,-0.0785924,-0.0006179,0.0157269,0.5243488,-0.0600169
59.8999166,-0.0523997,-0.0002746,0.0104824,0.5244552,-0.0599676
59.9499583,-0.0262013,-6.87e-05,0.0052406,0.5245191,-0.059938
60,-0,0,0,0.5245404,-0.0599282
